Command line invocation:
    /Applications/Xcode.app/Contents/Developer/usr/bin/xcodebuild -project Tacklebox.xcodeproj -scheme Tacklebox -configuration Release -destination "generic/platform=iOS Simulator" -derivedDataPath /tmp/tacklebox-six-features-20260909/derived CODE_SIGNING_ALLOWED=NO build

Build settings from command line:
    CODE_SIGNING_ALLOWED = NO

ComputePackagePrebuildTargetDependencyGraph

Prepare packages

CreateBuildRequest

SendProjectDescription

CreateBuildOperation

ComputeTargetDependencyGraph
note: Building targets in dependency order
note: Target dependency graph (2 targets)
    Target 'Tacklebox' in project 'Tacklebox'
        ➜ Explicit dependency on target 'TackleboxWidget' in project 'Tacklebox'
    Target 'TackleboxWidget' in project 'Tacklebox' (no dependencies)

GatherProvisioningInputs

CreateBuildDescription

ExecuteExternalTool /Applications/Xcode.app/Contents/Developer/Toolchains/XcodeDefault.xctoolchain/usr/bin/clang -v -E -dM -isysroot /Applications/Xcode.app/Contents/Developer/Platforms/iPhoneSimulator.platform/Developer/SDKs/iPhoneSimulator26.5.sdk -x c -c /dev/null

ExecuteExternalTool /Applications/Xcode.app/Contents/Developer/Toolchains/XcodeDefault.xctoolchain/usr/bin/swiftc --version

ExecuteExternalTool /Applications/Xcode.app/Contents/Developer/usr/bin/actool --print-asset-tag-combinations --output-format xml1 /Volumes/working /recovery-2026-08-27/tacklebox-ios/Tacklebox/Resources/Assets.xcassets

ExecuteExternalTool /Applications/Xcode.app/Contents/Developer/usr/bin/actool --version --output-format xml1

ExecuteExternalTool /Applications/Xcode.app/Contents/Developer/Toolchains/XcodeDefault.xctoolchain/usr/bin/ld -version_details

Build description signature: d3be737c8c94d9ce080fcc75931ee013
Build description path: /tmp/tacklebox-six-features-20260909/derived/Build/Intermediates.noindex/XCBuildData/d3be737c8c94d9ce080fcc75931ee013.xcbuilddata
CreateBuildDirectory /tmp/tacklebox-six-features-20260909/derived/Build/Products/Release-iphonesimulator
    cd /Volumes/working\ /recovery-2026-08-27/tacklebox-ios/Tacklebox.xcodeproj
    builtin-create-build-directory /tmp/tacklebox-six-features-20260909/derived/Build/Products/Release-iphonesimulator

CreateBuildDirectory /tmp/tacklebox-six-features-20260909/derived/Build/Intermediates.noindex/EagerLinkingTBDs/Release-iphonesimulator
    cd /Volumes/working\ /recovery-2026-08-27/tacklebox-ios/Tacklebox.xcodeproj
    builtin-create-build-directory /tmp/tacklebox-six-features-20260909/derived/Build/Intermediates.noindex/EagerLinkingTBDs/Release-iphonesimulator

ClangStatCache /Applications/Xcode.app/Contents/Developer/Toolchains/XcodeDefault.xctoolchain/usr/bin/clang-stat-cache /Applications/Xcode.app/Contents/Developer/Platforms/iPhoneSimulator.platform/Developer/SDKs/iPhoneSimulator26.5.sdk /tmp/tacklebox-six-features-20260909/derived/SDKStatCaches.noindex/iphonesimulator26.5-23F81a-6cfe768891a92b912361537c460fe42b.sdkstatcache
    cd /Volumes/working\ /recovery-2026-08-27/tacklebox-ios/Tacklebox.xcodeproj
    /Applications/Xcode.app/Contents/Developer/Toolchains/XcodeDefault.xctoolchain/usr/bin/clang-stat-cache /Applications/Xcode.app/Contents/Developer/Platforms/iPhoneSimulator.platform/Developer/SDKs/iPhoneSimulator26.5.sdk -o /tmp/tacklebox-six-features-20260909/derived/SDKStatCaches.noindex/iphonesimulator26.5-23F81a-6cfe768891a92b912361537c460fe42b.sdkstatcache

WriteAuxiliaryFile /tmp/tacklebox-six-features-20260909/derived/Build/Intermediates.noindex/Tacklebox.build/Release-iphonesimulator/Tacklebox-9e57a408e0252405f13900e9a6b793ab-VFS-iphonesimulator/all-product-headers.yaml
    cd /Volumes/working\ /recovery-2026-08-27/tacklebox-ios/Tacklebox.xcodeproj
    write-file /tmp/tacklebox-six-features-20260909/derived/Build/Intermediates.noindex/Tacklebox.build/Release-iphonesimulator/Tacklebox-9e57a408e0252405f13900e9a6b793ab-VFS-iphonesimulator/all-product-headers.yaml

MkDir /tmp/tacklebox-six-features-20260909/derived/Build/Products/Release-iphonesimulator/TackleboxWidget.appex (in target 'TackleboxWidget' from project 'Tacklebox')
    cd /Volumes/working\ /recovery-2026-08-27/tacklebox-ios
    /bin/mkdir -p /tmp/tacklebox-six-features-20260909/derived/Build/Products/Release-iphonesimulator/TackleboxWidget.appex

WriteAuxiliaryFile /tmp/tacklebox-six-features-20260909/derived/Build/Intermediates.noindex/Tacklebox.build/Release-iphonesimulator/TackleboxWidget.build/TackleboxWidget.DependencyStaticMetadataFileList (in target 'TackleboxWidget' from project 'Tacklebox')
    cd /Volumes/working\ /recovery-2026-08-27/tacklebox-ios
    write-file /tmp/tacklebox-six-features-20260909/derived/Build/Intermediates.noindex/Tacklebox.build/Release-iphonesimulator/TackleboxWidget.build/TackleboxWidget.DependencyStaticMetadataFileList

WriteAuxiliaryFile /tmp/tacklebox-six-features-20260909/derived/Build/Intermediates.noindex/Tacklebox.build/Release-iphonesimulator/TackleboxWidget.build/TackleboxWidget-project-headers.hmap (in target 'TackleboxWidget' from project 'Tacklebox')
    cd /Volumes/working\ /recovery-2026-08-27/tacklebox-ios
    write-file /tmp/tacklebox-six-features-20260909/derived/Build/Intermediates.noindex/Tacklebox.build/Release-iphonesimulator/TackleboxWidget.build/TackleboxWidget-project-headers.hmap

WriteAuxiliaryFile /tmp/tacklebox-six-features-20260909/derived/Build/Intermediates.noindex/Tacklebox.build/Release-iphonesimulator/TackleboxWidget.build/TackleboxWidget-all-non-framework-target-headers.hmap (in target 'TackleboxWidget' from project 'Tacklebox')
    cd /Volumes/working\ /recovery-2026-08-27/tacklebox-ios
    write-file /tmp/tacklebox-six-features-20260909/derived/Build/Intermediates.noindex/Tacklebox.build/Release-iphonesimulator/TackleboxWidget.build/TackleboxWidget-all-non-framework-target-headers.hmap

WriteAuxiliaryFile /tmp/tacklebox-six-features-20260909/derived/Build/Intermediates.noindex/Tacklebox.build/Release-iphonesimulator/TackleboxWidget.build/TackleboxWidget.DependencyMetadataFileList (in target 'TackleboxWidget' from project 'Tacklebox')
    cd /Volumes/working\ /recovery-2026-08-27/tacklebox-ios
    write-file /tmp/tacklebox-six-features-20260909/derived/Build/Intermediates.noindex/Tacklebox.build/Release-iphonesimulator/TackleboxWidget.build/TackleboxWidget.DependencyMetadataFileList

WriteAuxiliaryFile /tmp/tacklebox-six-features-20260909/derived/Build/Intermediates.noindex/Tacklebox.build/Release-iphonesimulator/TackleboxWidget.build/TackleboxWidget-own-target-headers.hmap (in target 'TackleboxWidget' from project 'Tacklebox')
    cd /Volumes/working\ /recovery-2026-08-27/tacklebox-ios
    write-file /tmp/tacklebox-six-features-20260909/derived/Build/Intermediates.noindex/Tacklebox.build/Release-iphonesimulator/TackleboxWidget.build/TackleboxWidget-own-target-headers.hmap

WriteAuxiliaryFile /tmp/tacklebox-six-features-20260909/derived/Build/Intermediates.noindex/Tacklebox.build/Release-iphonesimulator/TackleboxWidget.build/TackleboxWidget-generated-files.hmap (in target 'TackleboxWidget' from project 'Tacklebox')
    cd /Volumes/working\ /recovery-2026-08-27/tacklebox-ios
    write-file /tmp/tacklebox-six-features-20260909/derived/Build/Intermediates.noindex/Tacklebox.build/Release-iphonesimulator/TackleboxWidget.build/TackleboxWidget-generated-files.hmap

WriteAuxiliaryFile /tmp/tacklebox-six-features-20260909/derived/Build/Intermediates.noindex/Tacklebox.build/Release-iphonesimulator/TackleboxWidget.build/TackleboxWidget-all-target-headers.hmap (in target 'TackleboxWidget' from project 'Tacklebox')
    cd /Volumes/working\ /recovery-2026-08-27/tacklebox-ios
    write-file /tmp/tacklebox-six-features-20260909/derived/Build/Intermediates.noindex/Tacklebox.build/Release-iphonesimulator/TackleboxWidget.build/TackleboxWidget-all-target-headers.hmap

WriteAuxiliaryFile /tmp/tacklebox-six-features-20260909/derived/Build/Intermediates.noindex/Tacklebox.build/Release-iphonesimulator/TackleboxWidget.build/TackleboxWidget.hmap (in target 'TackleboxWidget' from project 'Tacklebox')
    cd /Volumes/working\ /recovery-2026-08-27/tacklebox-ios
    write-file /tmp/tacklebox-six-features-20260909/derived/Build/Intermediates.noindex/Tacklebox.build/Release-iphonesimulator/TackleboxWidget.build/TackleboxWidget.hmap

WriteAuxiliaryFile /tmp/tacklebox-six-features-20260909/derived/Build/Intermediates.noindex/Tacklebox.build/Release-iphonesimulator/TackleboxWidget.build/Objects-normal/x86_64/TackleboxWidget-OutputFileMap.json (in target 'TackleboxWidget' from project 'Tacklebox')
    cd /Volumes/working\ /recovery-2026-08-27/tacklebox-ios
    write-file /tmp/tacklebox-six-features-20260909/derived/Build/Intermediates.noindex/Tacklebox.build/Release-iphonesimulator/TackleboxWidget.build/Objects-normal/x86_64/TackleboxWidget-OutputFileMap.json

WriteAuxiliaryFile /tmp/tacklebox-six-features-20260909/derived/Build/Intermediates.noindex/Tacklebox.build/Release-iphonesimulator/TackleboxWidget.build/Objects-normal/x86_64/TackleboxWidget_const_extract_protocols.json (in target 'TackleboxWidget' from project 'Tacklebox')
    cd /Volumes/working\ /recovery-2026-08-27/tacklebox-ios
    write-file /tmp/tacklebox-six-features-20260909/derived/Build/Intermediates.noindex/Tacklebox.build/Release-iphonesimulator/TackleboxWidget.build/Objects-normal/x86_64/TackleboxWidget_const_extract_protocols.json

WriteAuxiliaryFile /tmp/tacklebox-six-features-20260909/derived/Build/Intermediates.noindex/Tacklebox.build/Release-iphonesimulator/TackleboxWidget.build/Objects-normal/x86_64/TackleboxWidget.SwiftFileList (in target 'TackleboxWidget' from project 'Tacklebox')
    cd /Volumes/working\ /recovery-2026-08-27/tacklebox-ios
    write-file /tmp/tacklebox-six-features-20260909/derived/Build/Intermediates.noindex/Tacklebox.build/Release-iphonesimulator/TackleboxWidget.build/Objects-normal/x86_64/TackleboxWidget.SwiftFileList

WriteAuxiliaryFile /tmp/tacklebox-six-features-20260909/derived/Build/Intermediates.noindex/Tacklebox.build/Release-iphonesimulator/TackleboxWidget.build/Objects-normal/x86_64/TackleboxWidget.SwiftConstValuesFileList (in target 'TackleboxWidget' from project 'Tacklebox')
    cd /Volumes/working\ /recovery-2026-08-27/tacklebox-ios
    write-file /tmp/tacklebox-six-features-20260909/derived/Build/Intermediates.noindex/Tacklebox.build/Release-iphonesimulator/TackleboxWidget.build/Objects-normal/x86_64/TackleboxWidget.SwiftConstValuesFileList

WriteAuxiliaryFile /tmp/tacklebox-six-features-20260909/derived/Build/Intermediates.noindex/Tacklebox.build/Release-iphonesimulator/TackleboxWidget.build/Objects-normal/x86_64/TackleboxWidget.LinkFileList (in target 'TackleboxWidget' from project 'Tacklebox')
    cd /Volumes/working\ /recovery-2026-08-27/tacklebox-ios
    write-file /tmp/tacklebox-six-features-20260909/derived/Build/Intermediates.noindex/Tacklebox.build/Release-iphonesimulator/TackleboxWidget.build/Objects-normal/x86_64/TackleboxWidget.LinkFileList

WriteAuxiliaryFile /tmp/tacklebox-six-features-20260909/derived/Build/Intermediates.noindex/Tacklebox.build/Release-iphonesimulator/TackleboxWidget.build/Objects-normal/arm64/TackleboxWidget_const_extract_protocols.json (in target 'TackleboxWidget' from project 'Tacklebox')
    cd /Volumes/working\ /recovery-2026-08-27/tacklebox-ios
    write-file /tmp/tacklebox-six-features-20260909/derived/Build/Intermediates.noindex/Tacklebox.build/Release-iphonesimulator/TackleboxWidget.build/Objects-normal/arm64/TackleboxWidget_const_extract_protocols.json

WriteAuxiliaryFile /tmp/tacklebox-six-features-20260909/derived/Build/Intermediates.noindex/Tacklebox.build/Release-iphonesimulator/TackleboxWidget.build/Objects-normal/arm64/TackleboxWidget.SwiftFileList (in target 'TackleboxWidget' from project 'Tacklebox')
    cd /Volumes/working\ /recovery-2026-08-27/tacklebox-ios
    write-file /tmp/tacklebox-six-features-20260909/derived/Build/Intermediates.noindex/Tacklebox.build/Release-iphonesimulator/TackleboxWidget.build/Objects-normal/arm64/TackleboxWidget.SwiftFileList

WriteAuxiliaryFile /tmp/tacklebox-six-features-20260909/derived/Build/Intermediates.noindex/Tacklebox.build/Release-iphonesimulator/TackleboxWidget.build/Objects-normal/arm64/TackleboxWidget.SwiftConstValuesFileList (in target 'TackleboxWidget' from project 'Tacklebox')
    cd /Volumes/working\ /recovery-2026-08-27/tacklebox-ios
    write-file /tmp/tacklebox-six-features-20260909/derived/Build/Intermediates.noindex/Tacklebox.build/Release-iphonesimulator/TackleboxWidget.build/Objects-normal/arm64/TackleboxWidget.SwiftConstValuesFileList

WriteAuxiliaryFile /tmp/tacklebox-six-features-20260909/derived/Build/Intermediates.noindex/Tacklebox.build/Release-iphonesimulator/TackleboxWidget.build/Objects-normal/arm64/TackleboxWidget.LinkFileList (in target 'TackleboxWidget' from project 'Tacklebox')
    cd /Volumes/working\ /recovery-2026-08-27/tacklebox-ios
    write-file /tmp/tacklebox-six-features-20260909/derived/Build/Intermediates.noindex/Tacklebox.build/Release-iphonesimulator/TackleboxWidget.build/Objects-normal/arm64/TackleboxWidget.LinkFileList

WriteAuxiliaryFile /tmp/tacklebox-six-features-20260909/derived/Build/Intermediates.noindex/Tacklebox.build/Release-iphonesimulator/TackleboxWidget.build/Objects-normal/arm64/TackleboxWidget-OutputFileMap.json (in target 'TackleboxWidget' from project 'Tacklebox')
    cd /Volumes/working\ /recovery-2026-08-27/tacklebox-ios
    write-file /tmp/tacklebox-six-features-20260909/derived/Build/Intermediates.noindex/Tacklebox.build/Release-iphonesimulator/TackleboxWidget.build/Objects-normal/arm64/TackleboxWidget-OutputFileMap.json

WriteAuxiliaryFile /tmp/tacklebox-six-features-20260909/derived/Build/Intermediates.noindex/Tacklebox.build/Release-iphonesimulator/Tacklebox.build/Tacklebox.hmap (in target 'Tacklebox' from project 'Tacklebox')
    cd /Volumes/working\ /recovery-2026-08-27/tacklebox-ios
    write-file /tmp/tacklebox-six-features-20260909/derived/Build/Intermediates.noindex/Tacklebox.build/Release-iphonesimulator/Tacklebox.build/Tacklebox.hmap

WriteAuxiliaryFile /tmp/tacklebox-six-features-20260909/derived/Build/Intermediates.noindex/Tacklebox.build/Release-iphonesimulator/Tacklebox.build/Tacklebox.DependencyStaticMetadataFileList (in target 'Tacklebox' from project 'Tacklebox')
    cd /Volumes/working\ /recovery-2026-08-27/tacklebox-ios
    write-file /tmp/tacklebox-six-features-20260909/derived/Build/Intermediates.noindex/Tacklebox.build/Release-iphonesimulator/Tacklebox.build/Tacklebox.DependencyStaticMetadataFileList

WriteAuxiliaryFile /tmp/tacklebox-six-features-20260909/derived/Build/Intermediates.noindex/Tacklebox.build/Release-iphonesimulator/Tacklebox.build/Tacklebox.DependencyMetadataFileList (in target 'Tacklebox' from project 'Tacklebox')
    cd /Volumes/working\ /recovery-2026-08-27/tacklebox-ios
    write-file /tmp/tacklebox-six-features-20260909/derived/Build/Intermediates.noindex/Tacklebox.build/Release-iphonesimulator/Tacklebox.build/Tacklebox.DependencyMetadataFileList

WriteAuxiliaryFile /tmp/tacklebox-six-features-20260909/derived/Build/Intermediates.noindex/Tacklebox.build/Release-iphonesimulator/Tacklebox.build/Tacklebox-project-headers.hmap (in target 'Tacklebox' from project 'Tacklebox')
    cd /Volumes/working\ /recovery-2026-08-27/tacklebox-ios
    write-file /tmp/tacklebox-six-features-20260909/derived/Build/Intermediates.noindex/Tacklebox.build/Release-iphonesimulator/Tacklebox.build/Tacklebox-project-headers.hmap

WriteAuxiliaryFile /tmp/tacklebox-six-features-20260909/derived/Build/Intermediates.noindex/Tacklebox.build/Release-iphonesimulator/Tacklebox.build/Tacklebox-own-target-headers.hmap (in target 'Tacklebox' from project 'Tacklebox')
    cd /Volumes/working\ /recovery-2026-08-27/tacklebox-ios
    write-file /tmp/tacklebox-six-features-20260909/derived/Build/Intermediates.noindex/Tacklebox.build/Release-iphonesimulator/Tacklebox.build/Tacklebox-own-target-headers.hmap

WriteAuxiliaryFile /tmp/tacklebox-six-features-20260909/derived/Build/Intermediates.noindex/Tacklebox.build/Release-iphonesimulator/Tacklebox.build/Tacklebox-generated-files.hmap (in target 'Tacklebox' from project 'Tacklebox')
    cd /Volumes/working\ /recovery-2026-08-27/tacklebox-ios
    write-file /tmp/tacklebox-six-features-20260909/derived/Build/Intermediates.noindex/Tacklebox.build/Release-iphonesimulator/Tacklebox.build/Tacklebox-generated-files.hmap

WriteAuxiliaryFile /tmp/tacklebox-six-features-20260909/derived/Build/Intermediates.noindex/Tacklebox.build/Release-iphonesimulator/Tacklebox.build/Tacklebox-all-target-headers.hmap (in target 'Tacklebox' from project 'Tacklebox')
    cd /Volumes/working\ /recovery-2026-08-27/tacklebox-ios
    write-file /tmp/tacklebox-six-features-20260909/derived/Build/Intermediates.noindex/Tacklebox.build/Release-iphonesimulator/Tacklebox.build/Tacklebox-all-target-headers.hmap

WriteAuxiliaryFile /tmp/tacklebox-six-features-20260909/derived/Build/Intermediates.noindex/Tacklebox.build/Release-iphonesimulator/Tacklebox.build/Tacklebox-all-non-framework-target-headers.hmap (in target 'Tacklebox' from project 'Tacklebox')
    cd /Volumes/working\ /recovery-2026-08-27/tacklebox-ios
    write-file /tmp/tacklebox-six-features-20260909/derived/Build/Intermediates.noindex/Tacklebox.build/Release-iphonesimulator/Tacklebox.build/Tacklebox-all-non-framework-target-headers.hmap

WriteAuxiliaryFile /tmp/tacklebox-six-features-20260909/derived/Build/Intermediates.noindex/Tacklebox.build/Release-iphonesimulator/Tacklebox.build/Objects-normal/x86_64/Tacklebox.SwiftConstValuesFileList (in target 'Tacklebox' from project 'Tacklebox')
    cd /Volumes/working\ /recovery-2026-08-27/tacklebox-ios
    write-file /tmp/tacklebox-six-features-20260909/derived/Build/Intermediates.noindex/Tacklebox.build/Release-iphonesimulator/Tacklebox.build/Objects-normal/x86_64/Tacklebox.SwiftConstValuesFileList

WriteAuxiliaryFile /tmp/tacklebox-six-features-20260909/derived/Build/Intermediates.noindex/Tacklebox.build/Release-iphonesimulator/Tacklebox.build/Objects-normal/x86_64/Tacklebox_const_extract_protocols.json (in target 'Tacklebox' from project 'Tacklebox')
    cd /Volumes/working\ /recovery-2026-08-27/tacklebox-ios
    write-file /tmp/tacklebox-six-features-20260909/derived/Build/Intermediates.noindex/Tacklebox.build/Release-iphonesimulator/Tacklebox.build/Objects-normal/x86_64/Tacklebox_const_extract_protocols.json

WriteAuxiliaryFile /tmp/tacklebox-six-features-20260909/derived/Build/Intermediates.noindex/Tacklebox.build/Release-iphonesimulator/Tacklebox.build/Objects-normal/x86_64/Tacklebox.SwiftFileList (in target 'Tacklebox' from project 'Tacklebox')
    cd /Volumes/working\ /recovery-2026-08-27/tacklebox-ios
    write-file /tmp/tacklebox-six-features-20260909/derived/Build/Intermediates.noindex/Tacklebox.build/Release-iphonesimulator/Tacklebox.build/Objects-normal/x86_64/Tacklebox.SwiftFileList

WriteAuxiliaryFile /tmp/tacklebox-six-features-20260909/derived/Build/Intermediates.noindex/Tacklebox.build/Release-iphonesimulator/Tacklebox.build/Objects-normal/x86_64/Tacklebox.LinkFileList (in target 'Tacklebox' from project 'Tacklebox')
    cd /Volumes/working\ /recovery-2026-08-27/tacklebox-ios
    write-file /tmp/tacklebox-six-features-20260909/derived/Build/Intermediates.noindex/Tacklebox.build/Release-iphonesimulator/Tacklebox.build/Objects-normal/x86_64/Tacklebox.LinkFileList

WriteAuxiliaryFile /tmp/tacklebox-six-features-20260909/derived/Build/Intermediates.noindex/Tacklebox.build/Release-iphonesimulator/Tacklebox.build/Objects-normal/x86_64/Tacklebox-OutputFileMap.json (in target 'Tacklebox' from project 'Tacklebox')
    cd /Volumes/working\ /recovery-2026-08-27/tacklebox-ios
    write-file /tmp/tacklebox-six-features-20260909/derived/Build/Intermediates.noindex/Tacklebox.build/Release-iphonesimulator/Tacklebox.build/Objects-normal/x86_64/Tacklebox-OutputFileMap.json

WriteAuxiliaryFile /tmp/tacklebox-six-features-20260909/derived/Build/Intermediates.noindex/Tacklebox.build/Release-iphonesimulator/Tacklebox.build/Objects-normal/arm64/Tacklebox.SwiftFileList (in target 'Tacklebox' from project 'Tacklebox')
    cd /Volumes/working\ /recovery-2026-08-27/tacklebox-ios
    write-file /tmp/tacklebox-six-features-20260909/derived/Build/Intermediates.noindex/Tacklebox.build/Release-iphonesimulator/Tacklebox.build/Objects-normal/arm64/Tacklebox.SwiftFileList

WriteAuxiliaryFile /tmp/tacklebox-six-features-20260909/derived/Build/Intermediates.noindex/Tacklebox.build/Release-iphonesimulator/Tacklebox.build/Objects-normal/arm64/Tacklebox_const_extract_protocols.json (in target 'Tacklebox' from project 'Tacklebox')
    cd /Volumes/working\ /recovery-2026-08-27/tacklebox-ios
    write-file /tmp/tacklebox-six-features-20260909/derived/Build/Intermediates.noindex/Tacklebox.build/Release-iphonesimulator/Tacklebox.build/Objects-normal/arm64/Tacklebox_const_extract_protocols.json

WriteAuxiliaryFile /tmp/tacklebox-six-features-20260909/derived/Build/Intermediates.noindex/Tacklebox.build/Release-iphonesimulator/Tacklebox.build/Objects-normal/arm64/Tacklebox.SwiftConstValuesFileList (in target 'Tacklebox' from project 'Tacklebox')
    cd /Volumes/working\ /recovery-2026-08-27/tacklebox-ios
    write-file /tmp/tacklebox-six-features-20260909/derived/Build/Intermediates.noindex/Tacklebox.build/Release-iphonesimulator/Tacklebox.build/Objects-normal/arm64/Tacklebox.SwiftConstValuesFileList

WriteAuxiliaryFile /tmp/tacklebox-six-features-20260909/derived/Build/Intermediates.noindex/Tacklebox.build/Release-iphonesimulator/Tacklebox.build/Objects-normal/arm64/Tacklebox.LinkFileList (in target 'Tacklebox' from project 'Tacklebox')
    cd /Volumes/working\ /recovery-2026-08-27/tacklebox-ios
    write-file /tmp/tacklebox-six-features-20260909/derived/Build/Intermediates.noindex/Tacklebox.build/Release-iphonesimulator/Tacklebox.build/Objects-normal/arm64/Tacklebox.LinkFileList

WriteAuxiliaryFile /tmp/tacklebox-six-features-20260909/derived/Build/Intermediates.noindex/Tacklebox.build/Release-iphonesimulator/Tacklebox.build/Objects-normal/arm64/Tacklebox-OutputFileMap.json (in target 'Tacklebox' from project 'Tacklebox')
    cd /Volumes/working\ /recovery-2026-08-27/tacklebox-ios
    write-file /tmp/tacklebox-six-features-20260909/derived/Build/Intermediates.noindex/Tacklebox.build/Release-iphonesimulator/Tacklebox.build/Objects-normal/arm64/Tacklebox-OutputFileMap.json

MkDir /tmp/tacklebox-six-features-20260909/derived/Build/Products/Release-iphonesimulator/Tacklebox.app (in target 'Tacklebox' from project 'Tacklebox')
    cd /Volumes/working\ /recovery-2026-08-27/tacklebox-ios
    /bin/mkdir -p /tmp/tacklebox-six-features-20260909/derived/Build/Products/Release-iphonesimulator/Tacklebox.app

MkDir /tmp/tacklebox-six-features-20260909/derived/Build/Products/Release-iphonesimulator/Tacklebox.app/PlugIns (in target 'Tacklebox' from project 'Tacklebox')
    cd /Volumes/working\ /recovery-2026-08-27/tacklebox-ios
    /bin/mkdir -p /tmp/tacklebox-six-features-20260909/derived/Build/Products/Release-iphonesimulator/Tacklebox.app/PlugIns

ProcessInfoPlistFile /tmp/tacklebox-six-features-20260909/derived/Build/Products/Release-iphonesimulator/TackleboxWidget.appex/Info.plist /Volumes/working\ /recovery-2026-08-27/tacklebox-ios/TackleboxWidget/Info.plist (in target 'TackleboxWidget' from project 'Tacklebox')
    cd /Volumes/working\ /recovery-2026-08-27/tacklebox-ios
    builtin-infoPlistUtility /Volumes/working\ /recovery-2026-08-27/tacklebox-ios/TackleboxWidget/Info.plist -producttype com.apple.product-type.app-extension -expandbuildsettings -format binary -platform iphonesimulator -o /tmp/tacklebox-six-features-20260909/derived/Build/Products/Release-iphonesimulator/TackleboxWidget.appex/Info.plist

CpResource /tmp/tacklebox-six-features-20260909/derived/Build/Products/Release-iphonesimulator/TackleboxWidget.appex/figtree-OFL.txt /Volumes/working\ /recovery-2026-08-27/tacklebox-ios/Tacklebox/Resources/Fonts/figtree-OFL.txt (in target 'TackleboxWidget' from project 'Tacklebox')
    cd /Volumes/working\ /recovery-2026-08-27/tacklebox-ios
    builtin-copy -exclude .DS_Store -exclude CVS -exclude .svn -exclude .git -exclude .hg -resolve-src-symlinks /Volumes/working\ /recovery-2026-08-27/tacklebox-ios/Tacklebox/Resources/Fonts/figtree-OFL.txt /tmp/tacklebox-six-features-20260909/derived/Build/Products/Release-iphonesimulator/TackleboxWidget.appex

CpResource /tmp/tacklebox-six-features-20260909/derived/Build/Products/Release-iphonesimulator/TackleboxWidget.appex/spectral-OFL.txt /Volumes/working\ /recovery-2026-08-27/tacklebox-ios/Tacklebox/Resources/Fonts/spectral-OFL.txt (in target 'TackleboxWidget' from project 'Tacklebox')
    cd /Volumes/working\ /recovery-2026-08-27/tacklebox-ios
    builtin-copy -exclude .DS_Store -exclude CVS -exclude .svn -exclude .git -exclude .hg -resolve-src-symlinks /Volumes/working\ /recovery-2026-08-27/tacklebox-ios/Tacklebox/Resources/Fonts/spectral-OFL.txt /tmp/tacklebox-six-features-20260909/derived/Build/Products/Release-iphonesimulator/TackleboxWidget.appex

CpResource /tmp/tacklebox-six-features-20260909/derived/Build/Products/Release-iphonesimulator/TackleboxWidget.appex/Spectral-SemiBold.ttf /Volumes/working\ /recovery-2026-08-27/tacklebox-ios/Tacklebox/Resources/Fonts/Spectral-SemiBold.ttf (in target 'TackleboxWidget' from project 'Tacklebox')
    cd /Volumes/working\ /recovery-2026-08-27/tacklebox-ios
    builtin-copy -exclude .DS_Store -exclude CVS -exclude .svn -exclude .git -exclude .hg -resolve-src-symlinks /Volumes/working\ /recovery-2026-08-27/tacklebox-ios/Tacklebox/Resources/Fonts/Spectral-SemiBold.ttf /tmp/tacklebox-six-features-20260909/derived/Build/Products/Release-iphonesimulator/TackleboxWidget.appex

CpResource /tmp/tacklebox-six-features-20260909/derived/Build/Products/Release-iphonesimulator/TackleboxWidget.appex/Spectral-Regular.ttf /Volumes/working\ /recovery-2026-08-27/tacklebox-ios/Tacklebox/Resources/Fonts/Spectral-Regular.ttf (in target 'TackleboxWidget' from project 'Tacklebox')
    cd /Volumes/working\ /recovery-2026-08-27/tacklebox-ios
    builtin-copy -exclude .DS_Store -exclude CVS -exclude .svn -exclude .git -exclude .hg -resolve-src-symlinks /Volumes/working\ /recovery-2026-08-27/tacklebox-ios/Tacklebox/Resources/Fonts/Spectral-Regular.ttf /tmp/tacklebox-six-features-20260909/derived/Build/Products/Release-iphonesimulator/TackleboxWidget.appex

CpResource /tmp/tacklebox-six-features-20260909/derived/Build/Products/Release-iphonesimulator/TackleboxWidget.appex/Spectral-Bold.ttf /Volumes/working\ /recovery-2026-08-27/tacklebox-ios/Tacklebox/Resources/Fonts/Spectral-Bold.ttf (in target 'TackleboxWidget' from project 'Tacklebox')
    cd /Volumes/working\ /recovery-2026-08-27/tacklebox-ios
    builtin-copy -exclude .DS_Store -exclude CVS -exclude .svn -exclude .git -exclude .hg -resolve-src-symlinks /Volumes/working\ /recovery-2026-08-27/tacklebox-ios/Tacklebox/Resources/Fonts/Spectral-Bold.ttf /tmp/tacklebox-six-features-20260909/derived/Build/Products/Release-iphonesimulator/TackleboxWidget.appex

CpResource /tmp/tacklebox-six-features-20260909/derived/Build/Products/Release-iphonesimulator/TackleboxWidget.appex/Figtree-SemiBold.ttf /Volumes/working\ /recovery-2026-08-27/tacklebox-ios/Tacklebox/Resources/Fonts/Figtree-SemiBold.ttf (in target 'TackleboxWidget' from project 'Tacklebox')
    cd /Volumes/working\ /recovery-2026-08-27/tacklebox-ios
    builtin-copy -exclude .DS_Store -exclude CVS -exclude .svn -exclude .git -exclude .hg -resolve-src-symlinks /Volumes/working\ /recovery-2026-08-27/tacklebox-ios/Tacklebox/Resources/Fonts/Figtree-SemiBold.ttf /tmp/tacklebox-six-features-20260909/derived/Build/Products/Release-iphonesimulator/TackleboxWidget.appex

CpResource /tmp/tacklebox-six-features-20260909/derived/Build/Products/Release-iphonesimulator/TackleboxWidget.appex/Figtree-Regular.ttf /Volumes/working\ /recovery-2026-08-27/tacklebox-ios/Tacklebox/Resources/Fonts/Figtree-Regular.ttf (in target 'TackleboxWidget' from project 'Tacklebox')
    cd /Volumes/working\ /recovery-2026-08-27/tacklebox-ios
    builtin-copy -exclude .DS_Store -exclude CVS -exclude .svn -exclude .git -exclude .hg -resolve-src-symlinks /Volumes/working\ /recovery-2026-08-27/tacklebox-ios/Tacklebox/Resources/Fonts/Figtree-Regular.ttf /tmp/tacklebox-six-features-20260909/derived/Build/Products/Release-iphonesimulator/TackleboxWidget.appex

CpResource /tmp/tacklebox-six-features-20260909/derived/Build/Products/Release-iphonesimulator/TackleboxWidget.appex/Figtree-Medium.ttf /Volumes/working\ /recovery-2026-08-27/tacklebox-ios/Tacklebox/Resources/Fonts/Figtree-Medium.ttf (in target 'TackleboxWidget' from project 'Tacklebox')
    cd /Volumes/working\ /recovery-2026-08-27/tacklebox-ios
    builtin-copy -exclude .DS_Store -exclude CVS -exclude .svn -exclude .git -exclude .hg -resolve-src-symlinks /Volumes/working\ /recovery-2026-08-27/tacklebox-ios/Tacklebox/Resources/Fonts/Figtree-Medium.ttf /tmp/tacklebox-six-features-20260909/derived/Build/Products/Release-iphonesimulator/TackleboxWidget.appex

CpResource /tmp/tacklebox-six-features-20260909/derived/Build/Products/Release-iphonesimulator/TackleboxWidget.appex/Figtree-Bold.ttf /Volumes/working\ /recovery-2026-08-27/tacklebox-ios/Tacklebox/Resources/Fonts/Figtree-Bold.ttf (in target 'TackleboxWidget' from project 'Tacklebox')
    cd /Volumes/working\ /recovery-2026-08-27/tacklebox-ios
    builtin-copy -exclude .DS_Store -exclude CVS -exclude .svn -exclude .git -exclude .hg -resolve-src-symlinks /Volumes/working\ /recovery-2026-08-27/tacklebox-ios/Tacklebox/Resources/Fonts/Figtree-Bold.ttf /tmp/tacklebox-six-features-20260909/derived/Build/Products/Release-iphonesimulator/TackleboxWidget.appex

CpResource /tmp/tacklebox-six-features-20260909/derived/Build/Products/Release-iphonesimulator/TackleboxWidget.appex/Spectral-Medium.ttf /Volumes/working\ /recovery-2026-08-27/tacklebox-ios/Tacklebox/Resources/Fonts/Spectral-Medium.ttf (in target 'TackleboxWidget' from project 'Tacklebox')
    cd /Volumes/working\ /recovery-2026-08-27/tacklebox-ios
    builtin-copy -exclude .DS_Store -exclude CVS -exclude .svn -exclude .git -exclude .hg -resolve-src-symlinks /Volumes/working\ /recovery-2026-08-27/tacklebox-ios/Tacklebox/Resources/Fonts/Spectral-Medium.ttf /tmp/tacklebox-six-features-20260909/derived/Build/Products/Release-iphonesimulator/TackleboxWidget.appex

SwiftDriver TackleboxWidget normal arm64 com.apple.xcode.tools.swift.compiler (in target 'TackleboxWidget' from project 'Tacklebox')
    cd /Volumes/working\ /recovery-2026-08-27/tacklebox-ios
    builtin-SwiftDriver -- /Applications/Xcode.app/Contents/Developer/Toolchains/XcodeDefault.xctoolchain/usr/bin/swiftc -module-name TackleboxWidget -O -whole-module-optimization @/tmp/tacklebox-six-features-20260909/derived/Build/Intermediates.noindex/Tacklebox.build/Release-iphonesimulator/TackleboxWidget.build/Objects-normal/arm64/TackleboxWidget.SwiftFileList -enable-bare-slash-regex -enable-experimental-feature DebugDescriptionMacro -sdk /Applications/Xcode.app/Contents/Developer/Platforms/iPhoneSimulator.platform/Developer/SDKs/iPhoneSimulator26.5.sdk -target arm64-apple-ios17.0-simulator -g -module-cache-path /tmp/tacklebox-six-features-20260909/derived/ModuleCache.noindex -Xfrontend -serialize-debugging-options -application-extension -swift-version 5 -I /tmp/tacklebox-six-features-20260909/derived/Build/Products/Release-iphonesimulator -F /tmp/tacklebox-six-features-20260909/derived/Build/Products/Release-iphonesimulator -c -num-threads 12 -Xcc -ivfsstatcache -Xcc /tmp/tacklebox-six-features-20260909/derived/SDKStatCaches.noindex/iphonesimulator26.5-23F81a-6cfe768891a92b912361537c460fe42b.sdkstatcache -output-file-map /tmp/tacklebox-six-features-20260909/derived/Build/Intermediates.noindex/Tacklebox.build/Release-iphonesimulator/TackleboxWidget.build/Objects-normal/arm64/TackleboxWidget-OutputFileMap.json -use-frontend-parseable-output -save-temps -no-color-diagnostics -explicit-module-build -module-cache-path /tmp/tacklebox-six-features-20260909/derived/Build/Intermediates.noindex/SwiftExplicitPrecompiledModules -clang-scanner-module-cache-path /tmp/tacklebox-six-features-20260909/derived/ModuleCache.noindex -sdk-module-cache-path /tmp/tacklebox-six-features-20260909/derived/ModuleCache.noindex -serialize-diagnostics -emit-dependencies -emit-module -emit-module-path /tmp/tacklebox-six-features-20260909/derived/Build/Intermediates.noindex/Tacklebox.build/Release-iphonesimulator/TackleboxWidget.build/Objects-normal/arm64/TackleboxWidget.swiftmodule -validate-clang-modules-once -clang-build-session-file /tmp/tacklebox-six-features-20260909/derived/ModuleCache.noindex/Session.modulevalidation -Xcc -I/tmp/tacklebox-six-features-20260909/derived/Build/Intermediates.noindex/Tacklebox.build/Release-iphonesimulator/TackleboxWidget.build/swift-overrides.hmap -emit-const-values -Xfrontend -const-gather-protocols-file -Xfrontend /tmp/tacklebox-six-features-20260909/derived/Build/Intermediates.noindex/Tacklebox.build/Release-iphonesimulator/TackleboxWidget.build/Objects-normal/arm64/TackleboxWidget_const_extract_protocols.json -Xcc -iquote -Xcc /tmp/tacklebox-six-features-20260909/derived/Build/Intermediates.noindex/Tacklebox.build/Release-iphonesimulator/TackleboxWidget.build/TackleboxWidget-generated-files.hmap -Xcc -I/tmp/tacklebox-six-features-20260909/derived/Build/Intermediates.noindex/Tacklebox.build/Release-iphonesimulator/TackleboxWidget.build/TackleboxWidget-own-target-headers.hmap -Xcc -I/tmp/tacklebox-six-features-20260909/derived/Build/Intermediates.noindex/Tacklebox.build/Release-iphonesimulator/TackleboxWidget.build/TackleboxWidget-all-target-headers.hmap -Xcc -iquote -Xcc /tmp/tacklebox-six-features-20260909/derived/Build/Intermediates.noindex/Tacklebox.build/Release-iphonesimulator/TackleboxWidget.build/TackleboxWidget-project-headers.hmap -Xcc -I/tmp/tacklebox-six-features-20260909/derived/Build/Products/Release-iphonesimulator/include -Xcc -I/tmp/tacklebox-six-features-20260909/derived/Build/Intermediates.noindex/Tacklebox.build/Release-iphonesimulator/TackleboxWidget.build/DerivedSources-normal/arm64 -Xcc -I/tmp/tacklebox-six-features-20260909/derived/Build/Intermediates.noindex/Tacklebox.build/Release-iphonesimulator/TackleboxWidget.build/DerivedSources/arm64 -Xcc -I/tmp/tacklebox-six-features-20260909/derived/Build/Intermediates.noindex/Tacklebox.build/Release-iphonesimulator/TackleboxWidget.build/DerivedSources -emit-objc-header -emit-objc-header-path /tmp/tacklebox-six-features-20260909/derived/Build/Intermediates.noindex/Tacklebox.build/Release-iphonesimulator/TackleboxWidget.build/Objects-normal/arm64/TackleboxWidget-Swift.h -working-directory /Volumes/working\ /recovery-2026-08-27/tacklebox-ios -no-emit-module-separately-wmo

SwiftDriver TackleboxWidget normal x86_64 com.apple.xcode.tools.swift.compiler (in target 'TackleboxWidget' from project 'Tacklebox')
    cd /Volumes/working\ /recovery-2026-08-27/tacklebox-ios
    builtin-SwiftDriver -- /Applications/Xcode.app/Contents/Developer/Toolchains/XcodeDefault.xctoolchain/usr/bin/swiftc -module-name TackleboxWidget -O -whole-module-optimization @/tmp/tacklebox-six-features-20260909/derived/Build/Intermediates.noindex/Tacklebox.build/Release-iphonesimulator/TackleboxWidget.build/Objects-normal/x86_64/TackleboxWidget.SwiftFileList -enable-bare-slash-regex -enable-experimental-feature DebugDescriptionMacro -sdk /Applications/Xcode.app/Contents/Developer/Platforms/iPhoneSimulator.platform/Developer/SDKs/iPhoneSimulator26.5.sdk -target x86_64-apple-ios17.0-simulator -g -module-cache-path /tmp/tacklebox-six-features-20260909/derived/ModuleCache.noindex -Xfrontend -serialize-debugging-options -application-extension -swift-version 5 -I /tmp/tacklebox-six-features-20260909/derived/Build/Products/Release-iphonesimulator -F /tmp/tacklebox-six-features-20260909/derived/Build/Products/Release-iphonesimulator -c -num-threads 12 -Xcc -ivfsstatcache -Xcc /tmp/tacklebox-six-features-20260909/derived/SDKStatCaches.noindex/iphonesimulator26.5-23F81a-6cfe768891a92b912361537c460fe42b.sdkstatcache -output-file-map /tmp/tacklebox-six-features-20260909/derived/Build/Intermediates.noindex/Tacklebox.build/Release-iphonesimulator/TackleboxWidget.build/Objects-normal/x86_64/TackleboxWidget-OutputFileMap.json -use-frontend-parseable-output -save-temps -no-color-diagnostics -explicit-module-build -module-cache-path /tmp/tacklebox-six-features-20260909/derived/Build/Intermediates.noindex/SwiftExplicitPrecompiledModules -clang-scanner-module-cache-path /tmp/tacklebox-six-features-20260909/derived/ModuleCache.noindex -sdk-module-cache-path /tmp/tacklebox-six-features-20260909/derived/ModuleCache.noindex -serialize-diagnostics -emit-dependencies -emit-module -emit-module-path /tmp/tacklebox-six-features-20260909/derived/Build/Intermediates.noindex/Tacklebox.build/Release-iphonesimulator/TackleboxWidget.build/Objects-normal/x86_64/TackleboxWidget.swiftmodule -validate-clang-modules-once -clang-build-session-file /tmp/tacklebox-six-features-20260909/derived/ModuleCache.noindex/Session.modulevalidation -Xcc -I/tmp/tacklebox-six-features-20260909/derived/Build/Intermediates.noindex/Tacklebox.build/Release-iphonesimulator/TackleboxWidget.build/swift-overrides.hmap -emit-const-values -Xfrontend -const-gather-protocols-file -Xfrontend /tmp/tacklebox-six-features-20260909/derived/Build/Intermediates.noindex/Tacklebox.build/Release-iphonesimulator/TackleboxWidget.build/Objects-normal/x86_64/TackleboxWidget_const_extract_protocols.json -Xcc -iquote -Xcc /tmp/tacklebox-six-features-20260909/derived/Build/Intermediates.noindex/Tacklebox.build/Release-iphonesimulator/TackleboxWidget.build/TackleboxWidget-generated-files.hmap -Xcc -I/tmp/tacklebox-six-features-20260909/derived/Build/Intermediates.noindex/Tacklebox.build/Release-iphonesimulator/TackleboxWidget.build/TackleboxWidget-own-target-headers.hmap -Xcc -I/tmp/tacklebox-six-features-20260909/derived/Build/Intermediates.noindex/Tacklebox.build/Release-iphonesimulator/TackleboxWidget.build/TackleboxWidget-all-target-headers.hmap -Xcc -iquote -Xcc /tmp/tacklebox-six-features-20260909/derived/Build/Intermediates.noindex/Tacklebox.build/Release-iphonesimulator/TackleboxWidget.build/TackleboxWidget-project-headers.hmap -Xcc -I/tmp/tacklebox-six-features-20260909/derived/Build/Products/Release-iphonesimulator/include -Xcc -I/tmp/tacklebox-six-features-20260909/derived/Build/Intermediates.noindex/Tacklebox.build/Release-iphonesimulator/TackleboxWidget.build/DerivedSources-normal/x86_64 -Xcc -I/tmp/tacklebox-six-features-20260909/derived/Build/Intermediates.noindex/Tacklebox.build/Release-iphonesimulator/TackleboxWidget.build/DerivedSources/x86_64 -Xcc -I/tmp/tacklebox-six-features-20260909/derived/Build/Intermediates.noindex/Tacklebox.build/Release-iphonesimulator/TackleboxWidget.build/DerivedSources -emit-objc-header -emit-objc-header-path /tmp/tacklebox-six-features-20260909/derived/Build/Intermediates.noindex/Tacklebox.build/Release-iphonesimulator/TackleboxWidget.build/Objects-normal/x86_64/TackleboxWidget-Swift.h -working-directory /Volumes/working\ /recovery-2026-08-27/tacklebox-ios -no-emit-module-separately-wmo

SwiftDriver\ Compilation TackleboxWidget normal x86_64 com.apple.xcode.tools.swift.compiler (in target 'TackleboxWidget' from project 'Tacklebox')
    cd /Volumes/working\ /recovery-2026-08-27/tacklebox-ios
    builtin-Swift-Compilation -- /Applications/Xcode.app/Contents/Developer/Toolchains/XcodeDefault.xctoolchain/usr/bin/swiftc -module-name TackleboxWidget -O -whole-module-optimization @/tmp/tacklebox-six-features-20260909/derived/Build/Intermediates.noindex/Tacklebox.build/Release-iphonesimulator/TackleboxWidget.build/Objects-normal/x86_64/TackleboxWidget.SwiftFileList -enable-bare-slash-regex -enable-experimental-feature DebugDescriptionMacro -sdk /Applications/Xcode.app/Contents/Developer/Platforms/iPhoneSimulator.platform/Developer/SDKs/iPhoneSimulator26.5.sdk -target x86_64-apple-ios17.0-simulator -g -module-cache-path /tmp/tacklebox-six-features-20260909/derived/ModuleCache.noindex -Xfrontend -serialize-debugging-options -application-extension -swift-version 5 -I /tmp/tacklebox-six-features-20260909/derived/Build/Products/Release-iphonesimulator -F /tmp/tacklebox-six-features-20260909/derived/Build/Products/Release-iphonesimulator -c -num-threads 12 -Xcc -ivfsstatcache -Xcc /tmp/tacklebox-six-features-20260909/derived/SDKStatCaches.noindex/iphonesimulator26.5-23F81a-6cfe768891a92b912361537c460fe42b.sdkstatcache -output-file-map /tmp/tacklebox-six-features-20260909/derived/Build/Intermediates.noindex/Tacklebox.build/Release-iphonesimulator/TackleboxWidget.build/Objects-normal/x86_64/TackleboxWidget-OutputFileMap.json -use-frontend-parseable-output -save-temps -no-color-diagnostics -explicit-module-build -module-cache-path /tmp/tacklebox-six-features-20260909/derived/Build/Intermediates.noindex/SwiftExplicitPrecompiledModules -clang-scanner-module-cache-path /tmp/tacklebox-six-features-20260909/derived/ModuleCache.noindex -sdk-module-cache-path /tmp/tacklebox-six-features-20260909/derived/ModuleCache.noindex -serialize-diagnostics -emit-dependencies -emit-module -emit-module-path /tmp/tacklebox-six-features-20260909/derived/Build/Intermediates.noindex/Tacklebox.build/Release-iphonesimulator/TackleboxWidget.build/Objects-normal/x86_64/TackleboxWidget.swiftmodule -validate-clang-modules-once -clang-build-session-file /tmp/tacklebox-six-features-20260909/derived/ModuleCache.noindex/Session.modulevalidation -Xcc -I/tmp/tacklebox-six-features-20260909/derived/Build/Intermediates.noindex/Tacklebox.build/Release-iphonesimulator/TackleboxWidget.build/swift-overrides.hmap -emit-const-values -Xfrontend -const-gather-protocols-file -Xfrontend /tmp/tacklebox-six-features-20260909/derived/Build/Intermediates.noindex/Tacklebox.build/Release-iphonesimulator/TackleboxWidget.build/Objects-normal/x86_64/TackleboxWidget_const_extract_protocols.json -Xcc -iquote -Xcc /tmp/tacklebox-six-features-20260909/derived/Build/Intermediates.noindex/Tacklebox.build/Release-iphonesimulator/TackleboxWidget.build/TackleboxWidget-generated-files.hmap -Xcc -I/tmp/tacklebox-six-features-20260909/derived/Build/Intermediates.noindex/Tacklebox.build/Release-iphonesimulator/TackleboxWidget.build/TackleboxWidget-own-target-headers.hmap -Xcc -I/tmp/tacklebox-six-features-20260909/derived/Build/Intermediates.noindex/Tacklebox.build/Release-iphonesimulator/TackleboxWidget.build/TackleboxWidget-all-target-headers.hmap -Xcc -iquote -Xcc /tmp/tacklebox-six-features-20260909/derived/Build/Intermediates.noindex/Tacklebox.build/Release-iphonesimulator/TackleboxWidget.build/TackleboxWidget-project-headers.hmap -Xcc -I/tmp/tacklebox-six-features-20260909/derived/Build/Products/Release-iphonesimulator/include -Xcc -I/tmp/tacklebox-six-features-20260909/derived/Build/Intermediates.noindex/Tacklebox.build/Release-iphonesimulator/TackleboxWidget.build/DerivedSources-normal/x86_64 -Xcc -I/tmp/tacklebox-six-features-20260909/derived/Build/Intermediates.noindex/Tacklebox.build/Release-iphonesimulator/TackleboxWidget.build/DerivedSources/x86_64 -Xcc -I/tmp/tacklebox-six-features-20260909/derived/Build/Intermediates.noindex/Tacklebox.build/Release-iphonesimulator/TackleboxWidget.build/DerivedSources -emit-objc-header -emit-objc-header-path /tmp/tacklebox-six-features-20260909/derived/Build/Intermediates.noindex/Tacklebox.build/Release-iphonesimulator/TackleboxWidget.build/Objects-normal/x86_64/TackleboxWidget-Swift.h -working-directory /Volumes/working\ /recovery-2026-08-27/tacklebox-ios -no-emit-module-separately-wmo

SwiftExplicitDependencyGeneratePcm x86_64 /tmp/tacklebox-six-features-20260909/derived/ModuleCache.noindex/_Builtin_stdarg-DJW0RZ5V12WN9F72MPEIWYU4T.pcm

SwiftExplicitDependencyGeneratePcm x86_64 /tmp/tacklebox-six-features-20260909/derived/ModuleCache.noindex/ptrauth-343WS9WJQSIKJ3D6E1LU6ZLRP.pcm

SwiftExplicitDependencyGeneratePcm x86_64 /tmp/tacklebox-six-features-20260909/derived/ModuleCache.noindex/_Builtin_float-3N263KT5NCLU3PK82CXVG4NE5.pcm

SwiftExplicitDependencyGeneratePcm x86_64 /tmp/tacklebox-six-features-20260909/derived/ModuleCache.noindex/_Builtin_stddef-EQOFTL1PSQF2PGLTL6PM5Z6F9.pcm

SwiftExplicitDependencyGeneratePcm x86_64 /tmp/tacklebox-six-features-20260909/derived/ModuleCache.noindex/ptrcheck-8CQDP7DQQ79IDEDBTIPMQC11W.pcm

SwiftExplicitDependencyGeneratePcm x86_64 /tmp/tacklebox-six-features-20260909/derived/ModuleCache.noindex/SwiftShims-CHAK0W2YK91WBL8XD5ITPGF3W.pcm

SwiftExplicitDependencyGeneratePcm x86_64 /tmp/tacklebox-six-features-20260909/derived/ModuleCache.noindex/_SwiftConcurrencyShims-9HU40BYPQO5SF6MKRTT54MDNG.pcm

SwiftExplicitDependencyGeneratePcm x86_64 /tmp/tacklebox-six-features-20260909/derived/ModuleCache.noindex/_AvailabilityInternal-4P7KSFE73N8OCTH043HWB6MDX.pcm

SwiftExplicitDependencyGeneratePcm x86_64 /tmp/tacklebox-six-features-20260909/derived/ModuleCache.noindex/ActivityKit-D3LBBF1OOALGSO7FZAR28BLSR.pcm

SwiftExplicitDependencyGeneratePcm x86_64 /tmp/tacklebox-six-features-20260909/derived/ModuleCache.noindex/_Builtin_stdbool-7ANRVX8ZX9TZKN4G8TBMCVPUM.pcm

SwiftExplicitDependencyGeneratePcm x86_64 /tmp/tacklebox-six-features-20260909/derived/ModuleCache.noindex/DeveloperToolsSupport-6YL29T9XKCE8UBTVPB4RF35HP.pcm

SwiftDriver\ Compilation TackleboxWidget normal arm64 com.apple.xcode.tools.swift.compiler (in target 'TackleboxWidget' from project 'Tacklebox')
    cd /Volumes/working\ /recovery-2026-08-27/tacklebox-ios
    builtin-Swift-Compilation -- /Applications/Xcode.app/Contents/Developer/Toolchains/XcodeDefault.xctoolchain/usr/bin/swiftc -module-name TackleboxWidget -O -whole-module-optimization @/tmp/tacklebox-six-features-20260909/derived/Build/Intermediates.noindex/Tacklebox.build/Release-iphonesimulator/TackleboxWidget.build/Objects-normal/arm64/TackleboxWidget.SwiftFileList -enable-bare-slash-regex -enable-experimental-feature DebugDescriptionMacro -sdk /Applications/Xcode.app/Contents/Developer/Platforms/iPhoneSimulator.platform/Developer/SDKs/iPhoneSimulator26.5.sdk -target arm64-apple-ios17.0-simulator -g -module-cache-path /tmp/tacklebox-six-features-20260909/derived/ModuleCache.noindex -Xfrontend -serialize-debugging-options -application-extension -swift-version 5 -I /tmp/tacklebox-six-features-20260909/derived/Build/Products/Release-iphonesimulator -F /tmp/tacklebox-six-features-20260909/derived/Build/Products/Release-iphonesimulator -c -num-threads 12 -Xcc -ivfsstatcache -Xcc /tmp/tacklebox-six-features-20260909/derived/SDKStatCaches.noindex/iphonesimulator26.5-23F81a-6cfe768891a92b912361537c460fe42b.sdkstatcache -output-file-map /tmp/tacklebox-six-features-20260909/derived/Build/Intermediates.noindex/Tacklebox.build/Release-iphonesimulator/TackleboxWidget.build/Objects-normal/arm64/TackleboxWidget-OutputFileMap.json -use-frontend-parseable-output -save-temps -no-color-diagnostics -explicit-module-build -module-cache-path /tmp/tacklebox-six-features-20260909/derived/Build/Intermediates.noindex/SwiftExplicitPrecompiledModules -clang-scanner-module-cache-path /tmp/tacklebox-six-features-20260909/derived/ModuleCache.noindex -sdk-module-cache-path /tmp/tacklebox-six-features-20260909/derived/ModuleCache.noindex -serialize-diagnostics -emit-dependencies -emit-module -emit-module-path /tmp/tacklebox-six-features-20260909/derived/Build/Intermediates.noindex/Tacklebox.build/Release-iphonesimulator/TackleboxWidget.build/Objects-normal/arm64/TackleboxWidget.swiftmodule -validate-clang-modules-once -clang-build-session-file /tmp/tacklebox-six-features-20260909/derived/ModuleCache.noindex/Session.modulevalidation -Xcc -I/tmp/tacklebox-six-features-20260909/derived/Build/Intermediates.noindex/Tacklebox.build/Release-iphonesimulator/TackleboxWidget.build/swift-overrides.hmap -emit-const-values -Xfrontend -const-gather-protocols-file -Xfrontend /tmp/tacklebox-six-features-20260909/derived/Build/Intermediates.noindex/Tacklebox.build/Release-iphonesimulator/TackleboxWidget.build/Objects-normal/arm64/TackleboxWidget_const_extract_protocols.json -Xcc -iquote -Xcc /tmp/tacklebox-six-features-20260909/derived/Build/Intermediates.noindex/Tacklebox.build/Release-iphonesimulator/TackleboxWidget.build/TackleboxWidget-generated-files.hmap -Xcc -I/tmp/tacklebox-six-features-20260909/derived/Build/Intermediates.noindex/Tacklebox.build/Release-iphonesimulator/TackleboxWidget.build/TackleboxWidget-own-target-headers.hmap -Xcc -I/tmp/tacklebox-six-features-20260909/derived/Build/Intermediates.noindex/Tacklebox.build/Release-iphonesimulator/TackleboxWidget.build/TackleboxWidget-all-target-headers.hmap -Xcc -iquote -Xcc /tmp/tacklebox-six-features-20260909/derived/Build/Intermediates.noindex/Tacklebox.build/Release-iphonesimulator/TackleboxWidget.build/TackleboxWidget-project-headers.hmap -Xcc -I/tmp/tacklebox-six-features-20260909/derived/Build/Products/Release-iphonesimulator/include -Xcc -I/tmp/tacklebox-six-features-20260909/derived/Build/Intermediates.noindex/Tacklebox.build/Release-iphonesimulator/TackleboxWidget.build/DerivedSources-normal/arm64 -Xcc -I/tmp/tacklebox-six-features-20260909/derived/Build/Intermediates.noindex/Tacklebox.build/Release-iphonesimulator/TackleboxWidget.build/DerivedSources/arm64 -Xcc -I/tmp/tacklebox-six-features-20260909/derived/Build/Intermediates.noindex/Tacklebox.build/Release-iphonesimulator/TackleboxWidget.build/DerivedSources -emit-objc-header -emit-objc-header-path /tmp/tacklebox-six-features-20260909/derived/Build/Intermediates.noindex/Tacklebox.build/Release-iphonesimulator/TackleboxWidget.build/Objects-normal/arm64/TackleboxWidget-Swift.h -working-directory /Volumes/working\ /recovery-2026-08-27/tacklebox-ios -no-emit-module-separately-wmo

SwiftExplicitDependencyGeneratePcm arm64 /tmp/tacklebox-six-features-20260909/derived/ModuleCache.noindex/ptrcheck-3QQ9XEYAJV7SZJ12UI0B7V69R.pcm

SwiftExplicitDependencyGeneratePcm arm64 /tmp/tacklebox-six-features-20260909/derived/ModuleCache.noindex/_Builtin_stdarg-29JUJQWR04Y8092J7GT2CMHL5.pcm

SwiftExplicitDependencyGeneratePcm arm64 /tmp/tacklebox-six-features-20260909/derived/ModuleCache.noindex/ptrauth-D79OS36TCEE3I8PDRMSVC8TLQ.pcm

SwiftExplicitDependencyGeneratePcm arm64 /tmp/tacklebox-six-features-20260909/derived/ModuleCache.noindex/_Builtin_stdbool-D835RFJY5YBFJC6WF36HU3QIF.pcm

SwiftExplicitDependencyGeneratePcm arm64 /tmp/tacklebox-six-features-20260909/derived/ModuleCache.noindex/_Builtin_float-R17ARB6IIK7CVUYSHJ2T2WJC.pcm

SwiftExplicitDependencyGeneratePcm arm64 /tmp/tacklebox-six-features-20260909/derived/ModuleCache.noindex/SwiftShims-8PVOT078FHHG73KWZ1EY06O7V.pcm

SwiftExplicitDependencyGeneratePcm arm64 /tmp/tacklebox-six-features-20260909/derived/ModuleCache.noindex/_Builtin_stddef-CEPWOFWFE328J98D800X5FF49.pcm

SwiftExplicitDependencyGeneratePcm arm64 /tmp/tacklebox-six-features-20260909/derived/ModuleCache.noindex/DeveloperToolsSupport-7ZJO8CRY5A1BOEFAKTPXZI8H6.pcm

SwiftExplicitDependencyGeneratePcm arm64 /tmp/tacklebox-six-features-20260909/derived/ModuleCache.noindex/_SwiftConcurrencyShims-4AQA4D7IG9CQ2AH6II7UBTP9E.pcm

SwiftExplicitDependencyGeneratePcm arm64 /tmp/tacklebox-six-features-20260909/derived/ModuleCache.noindex/_AvailabilityInternal-8XRUTDGYOXN5Y0IFDQL7QU9P5.pcm

SwiftExplicitDependencyGeneratePcm arm64 /tmp/tacklebox-six-features-20260909/derived/ModuleCache.noindex/ActivityKit-1O0L4XAA7VPYHP8O263F26T3R.pcm

SwiftExplicitDependencyGeneratePcm x86_64 /tmp/tacklebox-six-features-20260909/derived/ModuleCache.noindex/_DarwinFoundation1-EDGGCU95HKID33VUPU8UVZVD4.pcm

SwiftExplicitDependencyGeneratePcm arm64 /tmp/tacklebox-six-features-20260909/derived/ModuleCache.noindex/_DarwinFoundation1-C1CJVL6QJRJ0WBBR6BJFA7DW6.pcm

SwiftExplicitDependencyGeneratePcm x86_64 /tmp/tacklebox-six-features-20260909/derived/ModuleCache.noindex/_DarwinFoundation2-SO8ZUKS9RUCAWUL9NP9B4PEX.pcm

SwiftExplicitDependencyGeneratePcm x86_64 /tmp/tacklebox-six-features-20260909/derived/ModuleCache.noindex/ExtensionFoundation-CHVSXRAM7QA2M7WV1197R29OH.pcm

SwiftExplicitDependencyGeneratePcm x86_64 /tmp/tacklebox-six-features-20260909/derived/ModuleCache.noindex/_Builtin_limits-621PA3UAN3CKMON59SVT6W9HT.pcm

SwiftExplicitDependencyGeneratePcm arm64 /tmp/tacklebox-six-features-20260909/derived/ModuleCache.noindex/ExtensionFoundation-2R8XORFQZ9ZM91QLCYNBPQN4S.pcm

SwiftExplicitDependencyGeneratePcm arm64 /tmp/tacklebox-six-features-20260909/derived/ModuleCache.noindex/_DarwinFoundation2-EP6H9PQKZNNEIWDJ566GV7QQK.pcm

SwiftExplicitDependencyGeneratePcm arm64 /tmp/tacklebox-six-features-20260909/derived/ModuleCache.noindex/_Builtin_limits-59G4V08MNWT1051JFAPY5TCFE.pcm

SwiftExplicitDependencyGeneratePcm x86_64 /tmp/tacklebox-six-features-20260909/derived/ModuleCache.noindex/sys_types-2UXV89JVYPG380I8QR7ZI2EZB.pcm

SwiftExplicitDependencyGeneratePcm x86_64 /tmp/tacklebox-six-features-20260909/derived/ModuleCache.noindex/_Builtin_tgmath-EZ5PW6PZGDTP9F1BQK7PEEYP6.pcm

SwiftExplicitDependencyGeneratePcm x86_64 /tmp/tacklebox-six-features-20260909/derived/ModuleCache.noindex/_Builtin_stdint-CP2J0GLZHZJ26MOBN0OEMNMKB.pcm

SwiftExplicitDependencyGeneratePcm arm64 /tmp/tacklebox-six-features-20260909/derived/ModuleCache.noindex/_Builtin_stdint-2OZWUIHFPI4GKNF0BASFTRHYV.pcm

SwiftExplicitDependencyGeneratePcm arm64 /tmp/tacklebox-six-features-20260909/derived/ModuleCache.noindex/_Builtin_tgmath-1D6Q98LHECP0STMIUYUGFRFC3.pcm

SwiftExplicitDependencyGeneratePcm arm64 /tmp/tacklebox-six-features-20260909/derived/ModuleCache.noindex/sys_types-1B4AZZWT1C4FTDYBYQ42JZ4U2.pcm

SwiftExplicitDependencyGeneratePcm x86_64 /tmp/tacklebox-six-features-20260909/derived/ModuleCache.noindex/_DarwinFoundation3-A63IGMGINHOLQP5DLDY99VJVQ.pcm

SwiftExplicitDependencyGeneratePcm x86_64 /tmp/tacklebox-six-features-20260909/derived/ModuleCache.noindex/_Builtin_stdatomic-9WK554DHM57IN2KB9WHV32CJJ.pcm

SwiftExplicitDependencyGeneratePcm arm64 /tmp/tacklebox-six-features-20260909/derived/ModuleCache.noindex/_DarwinFoundation3-20BA01ACKX8EHVQ6X9OY8KA7F.pcm

SwiftExplicitDependencyGeneratePcm arm64 /tmp/tacklebox-six-features-20260909/derived/ModuleCache.noindex/_Builtin_intrinsics-2ARAGUY1WGNV7TT1DBPNC259Y.pcm

SwiftExplicitDependencyGeneratePcm arm64 /tmp/tacklebox-six-features-20260909/derived/ModuleCache.noindex/_Builtin_stdatomic-CN1S2OH0H0I9Y2KXPGRWH9G3N.pcm

SwiftExplicitDependencyGeneratePcm x86_64 /tmp/tacklebox-six-features-20260909/derived/ModuleCache.noindex/_Builtin_intrinsics-4Q72MMVJY6SO4CWTUMXX9XGGY.pcm

SwiftExplicitDependencyGeneratePcm x86_64 /tmp/tacklebox-six-features-20260909/derived/ModuleCache.noindex/_Builtin_inttypes-21V8MKXZ3J7ERI172W1N1V4QP.pcm

SwiftExplicitDependencyGeneratePcm arm64 /tmp/tacklebox-six-features-20260909/derived/ModuleCache.noindex/_Builtin_inttypes-97RA74YRJ9M0CXQFY00BVA5Y.pcm

SwiftExplicitDependencyGeneratePcm x86_64 /tmp/tacklebox-six-features-20260909/derived/ModuleCache.noindex/Darwin-27B96MWBJKJB25V72T8TWJZ1R.pcm

SwiftExplicitDependencyGeneratePcm arm64 /tmp/tacklebox-six-features-20260909/derived/ModuleCache.noindex/Darwin-2QV9Q7ARIN54DT3UFF26ADWDC.pcm

SwiftExplicitDependencyGeneratePcm arm64 /tmp/tacklebox-six-features-20260909/derived/ModuleCache.noindex/simd-63QKRRD0UQFQDNOO3KYNADDZY.pcm

SwiftExplicitDependencyGeneratePcm x86_64 /tmp/tacklebox-six-features-20260909/derived/ModuleCache.noindex/simd-D29L3ZT6BO1GDPH93VJ4J10CU.pcm

SwiftExplicitDependencyGeneratePcm arm64 /tmp/tacklebox-six-features-20260909/derived/ModuleCache.noindex/MachO-5PKKABQEGA97U5W6CEOWJO3HB.pcm

SwiftExplicitDependencyGeneratePcm arm64 /tmp/tacklebox-six-features-20260909/derived/ModuleCache.noindex/ObjectiveC-9TIXKLZA7ZHOGRCG2I3HYHE7Y.pcm

SwiftExplicitDependencyGeneratePcm x86_64 /tmp/tacklebox-six-features-20260909/derived/ModuleCache.noindex/ObjectiveC-CM1CCYCZNL05W8FIAV1539MVR.pcm

SwiftExplicitDependencyGeneratePcm x86_64 /tmp/tacklebox-six-features-20260909/derived/ModuleCache.noindex/MachO-9V8XKDGLLYYCZINTSP5MQD80L.pcm

SwiftExplicitDependencyGeneratePcm arm64 /tmp/tacklebox-six-features-20260909/derived/ModuleCache.noindex/Spatial-AQ8ZA3XTU96U8J9SMSODY7LY8.pcm

SwiftExplicitDependencyGeneratePcm x86_64 /tmp/tacklebox-six-features-20260909/derived/ModuleCache.noindex/os_object-7GEXIXP7EN7ZT5QBSG7C526F9.pcm

SwiftExplicitDependencyGeneratePcm arm64 /tmp/tacklebox-six-features-20260909/derived/ModuleCache.noindex/os_object-3LGGNK4ECIF7NN9B8081197I8.pcm

SwiftExplicitDependencyGeneratePcm x86_64 /tmp/tacklebox-six-features-20260909/derived/ModuleCache.noindex/os_workgroup-55MKF2IOD3ZFOPV6PQMN83TV8.pcm

SwiftExplicitDependencyGeneratePcm arm64 /tmp/tacklebox-six-features-20260909/derived/ModuleCache.noindex/os_workgroup-9XTQWK4YFQHES075HVYLO878H.pcm

SwiftExplicitDependencyGeneratePcm x86_64 /tmp/tacklebox-six-features-20260909/derived/ModuleCache.noindex/Dispatch-MNC85HQ3D02FHQXRO85UB1BX.pcm

SwiftExplicitDependencyGeneratePcm arm64 /tmp/tacklebox-six-features-20260909/derived/ModuleCache.noindex/Dispatch-BYLLFCGMUQQNBJ10SSUWRO2T7.pcm

SwiftExplicitDependencyGeneratePcm x86_64 /tmp/tacklebox-six-features-20260909/derived/ModuleCache.noindex/Spatial-3RAO06Q4I4LNNWJZ4YZAUR4CA.pcm

SwiftExplicitDependencyGeneratePcm x86_64 /tmp/tacklebox-six-features-20260909/derived/ModuleCache.noindex/XPC-464F9GLLVIQ5QBC9YDGRKH0LN.pcm

SwiftExplicitDependencyGeneratePcm x86_64 /tmp/tacklebox-six-features-20260909/derived/ModuleCache.noindex/dnssd-DOR6UU0FEX64YJK9PVHTV43IL.pcm

SwiftExplicitDependencyGeneratePcm x86_64 /tmp/tacklebox-six-features-20260909/derived/ModuleCache.noindex/CoreFoundation-173JC0T0XCDLY9U4FTS2MCC2K.pcm

SwiftExplicitDependencyGeneratePcm arm64 /tmp/tacklebox-six-features-20260909/derived/ModuleCache.noindex/dnssd-1ZC85KIW2ZD2AOYS1MEC8QPBJ.pcm

SwiftExplicitDependencyGeneratePcm arm64 /tmp/tacklebox-six-features-20260909/derived/ModuleCache.noindex/CoreFoundation-D19NIV8G85A9DCSEP4LL378BT.pcm

SwiftExplicitDependencyGeneratePcm arm64 /tmp/tacklebox-six-features-20260909/derived/ModuleCache.noindex/XPC-1CKHT8QY3RQ40Y7SE8OLUYQ64.pcm

SwiftExplicitDependencyGeneratePcm x86_64 /tmp/tacklebox-six-features-20260909/derived/ModuleCache.noindex/os-CCZRU8TN1E7B0KUXOM5FO7ZL4.pcm

SwiftExplicitDependencyGeneratePcm arm64 /tmp/tacklebox-six-features-20260909/derived/ModuleCache.noindex/os-7NMHWTW5IYRMQNJ3XOYTM2H18.pcm

SwiftExplicitDependencyGeneratePcm x86_64 /tmp/tacklebox-six-features-20260909/derived/ModuleCache.noindex/CFNetwork-9VRCCHQ38A3RS5OOCTFK7UF9L.pcm

SwiftExplicitDependencyGeneratePcm x86_64 /tmp/tacklebox-six-features-20260909/derived/ModuleCache.noindex/Security-4IQ80OS5QSWP3299GJERD5X5Z.pcm

SwiftExplicitDependencyGeneratePcm x86_64 /tmp/tacklebox-six-features-20260909/derived/ModuleCache.noindex/CoreGraphics-3P72L2AKL2PYUD5KPWDZTF2FZ.pcm

SwiftExplicitDependencyGeneratePcm arm64 /tmp/tacklebox-six-features-20260909/derived/ModuleCache.noindex/CFNetwork-D5YDS79IEONQD60NNEKBXFIB8.pcm

SwiftExplicitDependencyGeneratePcm arm64 /tmp/tacklebox-six-features-20260909/derived/ModuleCache.noindex/Security-9VPCRDEX6P5MVD2M4D3MJLDWC.pcm

SwiftExplicitDependencyGeneratePcm arm64 /tmp/tacklebox-six-features-20260909/derived/ModuleCache.noindex/CoreGraphics-66ND9GN1XEDGILOG6COOBOHA7.pcm

SwiftExplicitDependencyGeneratePcm x86_64 /tmp/tacklebox-six-features-20260909/derived/ModuleCache.noindex/Foundation-DWO4A0GJOKOG1I7OI74LMB49C.pcm

SwiftExplicitDependencyGeneratePcm arm64 /tmp/tacklebox-six-features-20260909/derived/ModuleCache.noindex/Foundation-BYWUSFQAWOZ0AN0QQI5LJ1YNQ.pcm

SwiftExplicitDependencyGeneratePcm x86_64 /tmp/tacklebox-six-features-20260909/derived/ModuleCache.noindex/ImageIO-RD1T6EUBEYGSLIN6LEP1JCAI.pcm

SwiftExplicitDependencyGeneratePcm x86_64 /tmp/tacklebox-six-features-20260909/derived/ModuleCache.noindex/CoreText-1L5966MBRW9T129EBT4JNPOJN.pcm

SwiftExplicitDependencyGeneratePcm arm64 /tmp/tacklebox-six-features-20260909/derived/ModuleCache.noindex/ImageIO-75U7FEW6EP40RU14ZMSVZDAKG.pcm

SwiftExplicitDependencyGeneratePcm arm64 /tmp/tacklebox-six-features-20260909/derived/ModuleCache.noindex/CoreText-A51H6CYHR786JONXQIJHZPESP.pcm

SwiftExplicitDependencyGeneratePcm x86_64 /tmp/tacklebox-six-features-20260909/derived/ModuleCache.noindex/OSLog-E3ITF1DLEQL80YGLNI33BP32C.pcm

SwiftExplicitDependencyGeneratePcm x86_64 /tmp/tacklebox-six-features-20260909/derived/ModuleCache.noindex/Network-9G79YE065KEE5FZPF1EM9CCXH.pcm

SwiftExplicitDependencyGeneratePcm x86_64 /tmp/tacklebox-six-features-20260909/derived/ModuleCache.noindex/UIUtilities-AL8PGTVHW6XUB3YGHMMEL0FPR.pcm

SwiftExplicitDependencyGeneratePcm x86_64 /tmp/tacklebox-six-features-20260909/derived/ModuleCache.noindex/IOSurface-9QOYQ77T0R5W17CF2HXZ6PR9Q.pcm

SwiftExplicitDependencyGeneratePcm x86_64 /tmp/tacklebox-six-features-20260909/derived/ModuleCache.noindex/UniformTypeIdentifiers-CE7K9R399F845VRAPS7FX1ZV6.pcm

SwiftExplicitDependencyGeneratePcm x86_64 /tmp/tacklebox-six-features-20260909/derived/ModuleCache.noindex/CoreData-EPNGQY7NS2PZZVFV5C96SUK7A.pcm

SwiftExplicitDependencyGeneratePcm x86_64 /tmp/tacklebox-six-features-20260909/derived/ModuleCache.noindex/AppIntents-8087KSP598ECMR888G0HPYXRV.pcm

SwiftExplicitDependencyGeneratePcm x86_64 /tmp/tacklebox-six-features-20260909/derived/ModuleCache.noindex/Accessibility-DEA8GI8UO8LJ0ZRPNT9HV4XMZ.pcm

SwiftExplicitDependencyGeneratePcm x86_64 /tmp/tacklebox-six-features-20260909/derived/ModuleCache.noindex/CoreTransferable-10QA6CL4H8FWYF3AIV1JXF9UW.pcm

SwiftExplicitDependencyGeneratePcm x86_64 /tmp/tacklebox-six-features-20260909/derived/ModuleCache.noindex/UserNotifications-9L8YQ94QILCL9VMHUK2SYDE0G.pcm

SwiftExplicitDependencyGeneratePcm x86_64 /tmp/tacklebox-six-features-20260909/derived/ModuleCache.noindex/Symbols-ESWR0BXEP63E2LXZ957DAOQMX.pcm

SwiftExplicitDependencyGeneratePcm x86_64 /tmp/tacklebox-six-features-20260909/derived/ModuleCache.noindex/OpenGLES-EN0JCPX81LAQ2ZJP7DWGKEY61.pcm

SwiftExplicitDependencyGeneratePcm arm64 /tmp/tacklebox-six-features-20260909/derived/ModuleCache.noindex/Network-8N2LBN40X8BL78UBRGDWY88K6.pcm

SwiftExplicitDependencyGeneratePcm arm64 /tmp/tacklebox-six-features-20260909/derived/ModuleCache.noindex/OSLog-2H9N1FT8R9N6ZWR9PGHP3AWTO.pcm

SwiftExplicitDependencyGeneratePcm arm64 /tmp/tacklebox-six-features-20260909/derived/ModuleCache.noindex/CoreData-A9MABVV0CVWCHSHZN9NJK47RI.pcm

SwiftExplicitDependencyGeneratePcm arm64 /tmp/tacklebox-six-features-20260909/derived/ModuleCache.noindex/UniformTypeIdentifiers-8EF9RGKLDATJQO9JTX0B6N9WG.pcm

SwiftExplicitDependencyGeneratePcm x86_64 /tmp/tacklebox-six-features-20260909/derived/ModuleCache.noindex/CoreSpotlight-EMI1EOJCKO0UAWTI4C1TTJ29N.pcm

SwiftExplicitDependencyGeneratePcm arm64 /tmp/tacklebox-six-features-20260909/derived/ModuleCache.noindex/CoreTransferable-ET6MJ2EI2OMQC4JSAZ7RL58NS.pcm

SwiftExplicitDependencyGeneratePcm arm64 /tmp/tacklebox-six-features-20260909/derived/ModuleCache.noindex/AppIntents-UT19WY2GY6RY1RWXACHGCQT8.pcm

SwiftExplicitDependencyGeneratePcm arm64 /tmp/tacklebox-six-features-20260909/derived/ModuleCache.noindex/DataDetection-7BYAA07B7QPBALO9C9VHSXLFG.pcm

SwiftExplicitDependencyGeneratePcm arm64 /tmp/tacklebox-six-features-20260909/derived/ModuleCache.noindex/FileProvider-DATF0X3QGPVDPLGPSFR2SNPZC.pcm

SwiftExplicitDependencyGeneratePcm arm64 /tmp/tacklebox-six-features-20260909/derived/ModuleCache.noindex/IOSurface-6GYDO4AICXYIHYKTOLDOHOSSX.pcm

SwiftExplicitDependencyGeneratePcm arm64 /tmp/tacklebox-six-features-20260909/derived/ModuleCache.noindex/OpenGLES-CG2ILF6RW1CZFB57TK0VGOFJD.pcm

SwiftExplicitDependencyGeneratePcm arm64 /tmp/tacklebox-six-features-20260909/derived/ModuleCache.noindex/RelevanceKit-8FZ32NPLMV3AFBJTITC6RK9UT.pcm

SwiftExplicitDependencyGeneratePcm arm64 /tmp/tacklebox-six-features-20260909/derived/ModuleCache.noindex/Symbols-D8RR796S6XYBZCSOAP2CAYCSX.pcm

SwiftExplicitDependencyGeneratePcm arm64 /tmp/tacklebox-six-features-20260909/derived/ModuleCache.noindex/_LocationEssentials-BG01F2DSREZ90WCHTUXAD0AWX.pcm

SwiftExplicitDependencyGeneratePcm x86_64 /tmp/tacklebox-six-features-20260909/derived/ModuleCache.noindex/Metal-DILEKC3AAZ51OUJ1V711GFPD5.pcm

SwiftExplicitDependencyGeneratePcm arm64 /tmp/tacklebox-six-features-20260909/derived/ModuleCache.noindex/UIUtilities-D6V6HJEDHL2YQN4VTIVV4ZHL7.pcm

SwiftExplicitDependencyGeneratePcm arm64 /tmp/tacklebox-six-features-20260909/derived/ModuleCache.noindex/CoreSpotlight-25D2L5L1X0HADFAMUETTPX784.pcm

SwiftExplicitDependencyGeneratePcm arm64 /tmp/tacklebox-six-features-20260909/derived/ModuleCache.noindex/WidgetKit-2DHO7G0VXY3BI0DHAHYLVPVZW.pcm

SwiftExplicitDependencyGeneratePcm x86_64 /tmp/tacklebox-six-features-20260909/derived/ModuleCache.noindex/_LocationEssentials-13K97X2D359NCQGHNRB7ILWT.pcm

SwiftExplicitDependencyGeneratePcm x86_64 /tmp/tacklebox-six-features-20260909/derived/ModuleCache.noindex/RelevanceKit-2YRKC1IZ8X0KPRNNE9NFLQ1IR.pcm

SwiftExplicitDependencyGeneratePcm x86_64 /tmp/tacklebox-six-features-20260909/derived/ModuleCache.noindex/FileProvider-DE3PXIRYPYNLS42JGIYGOEVXG.pcm

SwiftExplicitDependencyGeneratePcm x86_64 /tmp/tacklebox-six-features-20260909/derived/ModuleCache.noindex/DataDetection-4P8HWU5LGAMXUZG37MBQHYT51.pcm

SwiftExplicitDependencyGeneratePcm arm64 /tmp/tacklebox-six-features-20260909/derived/ModuleCache.noindex/Metal-4TT1SVZWUAF2L5NHI8RJ5DOK2.pcm

SwiftExplicitDependencyGeneratePcm x86_64 /tmp/tacklebox-six-features-20260909/derived/ModuleCache.noindex/WidgetKit-DWF5PDWOG2395WAA5RIUOTF5X.pcm

SwiftExplicitDependencyGeneratePcm arm64 /tmp/tacklebox-six-features-20260909/derived/ModuleCache.noindex/CoreLocation-DP3XOPT0UKA2RCJ2YU9PS91PP.pcm

SwiftExplicitDependencyGeneratePcm arm64 /tmp/tacklebox-six-features-20260909/derived/ModuleCache.noindex/Accessibility-CWH826KV7VDICLJZA1UBO7YRE.pcm

SwiftExplicitDependencyGeneratePcm arm64 /tmp/tacklebox-six-features-20260909/derived/ModuleCache.noindex/UserNotifications-40J75NBXJ2RLJATVS4UNV3LBN.pcm

SwiftExplicitDependencyGeneratePcm x86_64 /tmp/tacklebox-six-features-20260909/derived/ModuleCache.noindex/CoreLocation-6NL07QCH3UI3QILOIV8BZTQFJ.pcm

SwiftExplicitDependencyGeneratePcm x86_64 /tmp/tacklebox-six-features-20260909/derived/ModuleCache.noindex/CoreVideo-9X9O05CABXKM4YWX7G27UMOE0.pcm

SwiftExplicitDependencyGeneratePcm x86_64 /tmp/tacklebox-six-features-20260909/derived/ModuleCache.noindex/Intents-74K83PQECVNM9M0EWK1GZ20HZ.pcm

SwiftExplicitDependencyGeneratePcm arm64 /tmp/tacklebox-six-features-20260909/derived/ModuleCache.noindex/Intents-AC24VAGBXSEIE5WNDU4ZX9GHH.pcm

SwiftExplicitDependencyGeneratePcm arm64 /tmp/tacklebox-six-features-20260909/derived/ModuleCache.noindex/CoreVideo-9DIW3L0JA3ZSCGI7H8NA6XE84.pcm

SwiftExplicitDependencyGeneratePcm x86_64 /tmp/tacklebox-six-features-20260909/derived/ModuleCache.noindex/QuartzCore-4N0BU9JH8JPKS27CV14M55EVB.pcm

SwiftExplicitDependencyGeneratePcm x86_64 /tmp/tacklebox-six-features-20260909/derived/ModuleCache.noindex/CoreImage-ETF85YZ79MOMAQMTTQ82BXR19.pcm

SwiftExplicitDependencyGeneratePcm arm64 /tmp/tacklebox-six-features-20260909/derived/ModuleCache.noindex/QuartzCore-86NUGDH6YVDXLKA8YK64LDWVD.pcm

SwiftExplicitDependencyGeneratePcm arm64 /tmp/tacklebox-six-features-20260909/derived/ModuleCache.noindex/CoreImage-3BU81AHWLPORM50N7YWGU1N6X.pcm

SwiftExplicitDependencyGeneratePcm x86_64 /tmp/tacklebox-six-features-20260909/derived/ModuleCache.noindex/SwiftUICore-9V3C8K045TY9P7FIF4DGJU1RD.pcm

SwiftExplicitDependencyGeneratePcm x86_64 /tmp/tacklebox-six-features-20260909/derived/ModuleCache.noindex/UIKit-AZCWJ9AMQHH17Q5PR3BN8UYWB.pcm

SwiftExplicitDependencyGeneratePcm arm64 /tmp/tacklebox-six-features-20260909/derived/ModuleCache.noindex/SwiftUICore-9PHX4X82510DK75JE0IR0O7G.pcm

SwiftExplicitDependencyGeneratePcm arm64 /tmp/tacklebox-six-features-20260909/derived/ModuleCache.noindex/UIKit-3YH639SF9BF46KLTLEJGX1SVV.pcm

SwiftExplicitDependencyGeneratePcm x86_64 /tmp/tacklebox-six-features-20260909/derived/ModuleCache.noindex/SwiftUI-AKU1BHZSV24MTZTRMTP90RDJE.pcm

SwiftCompile normal x86_64 Compiling\ BiteWindowWidget.swift,\ SessionActivityAttributes.swift,\ SessionLiveActivity.swift,\ SolunarPlaceStore.swift,\ SolunarService.swift,\ Theme.swift /Volumes/working\ /recovery-2026-08-27/tacklebox-ios/TackleboxWidget/BiteWindowWidget.swift /Volumes/working\ /recovery-2026-08-27/tacklebox-ios/Tacklebox/Features/Sessions/SessionActivityAttributes.swift /Volumes/working\ /recovery-2026-08-27/tacklebox-ios/TackleboxWidget/SessionLiveActivity.swift /Volumes/working\ /recovery-2026-08-27/tacklebox-ios/Tacklebox/Features/Solunar/SolunarPlaceStore.swift /Volumes/working\ /recovery-2026-08-27/tacklebox-ios/Tacklebox/Features/Solunar/SolunarService.swift /Volumes/working\ /recovery-2026-08-27/tacklebox-ios/Tacklebox/DesignSystem/Theme.swift /Applications/Xcode.app/Contents/Developer/Toolchains/XcodeDefault.xctoolchain/usr/lib/swift/iphonesimulator/prebuilt-modules/26.5/_DarwinFoundation3.swiftmodule/x86_64-apple-ios-simulator.swiftmodule /Applications/Xcode.app/Contents/Developer/Toolchains/XcodeDefault.xctoolchain/usr/lib/swift/iphonesimulator/prebuilt-modules/26.5/Foundation.swiftmodule/x86_64-apple-ios-simulator.swiftmodule /Applications/Xcode.app/Contents/Developer/Toolchains/XcodeDefault.xctoolchain/usr/lib/swift/iphonesimulator/prebuilt-modules/26.5/UIKit.swiftmodule/x86_64-apple-ios-simulator.swiftmodule /Applications/Xcode.app/Contents/Developer/Toolchains/XcodeDefault.xctoolchain/usr/lib/swift/iphonesimulator/prebuilt-modules/26.5/_AppIntents_SwiftUI.swiftmodule/x86_64-apple-ios-simulator.swiftmodule /Applications/Xcode.app/Contents/Developer/Toolchains/XcodeDefault.xctoolchain/usr/lib/swift/iphonesimulator/prebuilt-modules/26.5/simd.swiftmodule/x86_64-apple-ios-simulator.swiftmodule /Applications/Xcode.app/Contents/Developer/Toolchains/XcodeDefault.xctoolchain/usr/lib/swift/iphonesimulator/prebuilt-modules/26.5/CoreImage.swiftmodule/x86_64-apple-ios-simulator.swiftmodule /Applications/Xcode.app/Contents/Developer/Toolchains/XcodeDefault.xctoolchain/usr/lib/swift/iphonesimulator/prebuilt-modules/26.5/CoreSpotlight.swiftmodule/x86_64-apple-ios-simulator.swiftmodule /Applications/Xcode.app/Contents/Developer/Toolchains/XcodeDefault.xctoolchain/usr/lib/swift/iphonesimulator/prebuilt-modules/26.5/Darwin.swiftmodule/x86_64-apple-ios-simulator.swiftmodule /Applications/Xcode.app/Contents/Developer/Toolchains/XcodeDefault.xctoolchain/usr/lib/swift/iphonesimulator/prebuilt-modules/26.5/Observation.swiftmodule/x86_64-apple-ios-simulator.swiftmodule /Applications/Xcode.app/Contents/Developer/Toolchains/XcodeDefault.xctoolchain/usr/lib/swift/iphonesimulator/prebuilt-modules/26.5/Accessibility.swiftmodule/x86_64-apple-ios-simulator.swiftmodule /Applications/Xcode.app/Contents/Developer/Toolchains/XcodeDefault.xctoolchain/usr/lib/swift/iphonesimulator/prebuilt-modules/26.5/_DarwinFoundation2.swiftmodule/x86_64-apple-ios-simulator.swiftmodule /Applications/Xcode.app/Contents/Developer/Toolchains/XcodeDefault.xctoolchain/usr/lib/swift/iphonesimulator/prebuilt-modules/26.5/ExtensionFoundation.swiftmodule/x86_64-apple-ios-simulator.swiftmodule /Applications/Xcode.app/Contents/Developer/Toolchains/XcodeDefault.xctoolchain/usr/lib/swift/iphonesimulator/prebuilt-modules/26.5/CoreTransferable.swiftmodule/x86_64-apple-ios-simulator.swiftmodule /Applications/Xcode.app/Contents/Developer/Toolchains/XcodeDefault.xctoolchain/usr/lib/swift/iphonesimulator/prebuilt-modules/26.5/Swift.swiftmodule/x86_64-apple-ios-simulator.swiftmodule /Applications/Xcode.app/Contents/Developer/Toolchains/XcodeDefault.xctoolchain/usr/lib/swift/iphonesimulator/prebuilt-modules/26.5/Spatial.swiftmodule/x86_64-apple-ios-simulator.swiftmodule /Applications/Xcode.app/Contents/Developer/Toolchains/XcodeDefault.xctoolchain/usr/lib/swift/iphonesimulator/prebuilt-modules/26.5/CoreLocation.swiftmodule/x86_64-apple-ios-simulator.swiftmodule /Applications/Xcode.app/Contents/Developer/Toolchains/XcodeDefault.xctoolchain/usr/lib/swift/iphonesimulator/prebuilt-modules/26.5/_StringProcessing.swiftmodule/x86_64-apple-ios-simulator.swiftmodule /Applications/Xcode.app/Contents/Developer/Toolchains/XcodeDefault.xctoolchain/usr/lib/swift/iphonesimulator/prebuilt-modules/26.5/_Concurrency.swiftmodule/x86_64-apple-ios-simulator.swiftmodule /Applications/Xcode.app/Contents/Developer/Toolchains/XcodeDefault.xctoolchain/usr/lib/swift/iphonesimulator/prebuilt-modules/26.5/Symbols.swiftmodule/x86_64-apple-ios-simulator.swiftmodule /Applications/Xcode.app/Contents/Developer/Toolchains/XcodeDefault.xctoolchain/usr/lib/swift/iphonesimulator/prebuilt-modules/26.5/SwiftUICore.swiftmodule/x86_64-apple-ios-simulator.swiftmodule /Applications/Xcode.app/Contents/Developer/Toolchains/XcodeDefault.xctoolchain/usr/lib/swift/iphonesimulator/prebuilt-modules/26.5/FileProvider.swiftmodule/x86_64-apple-ios-simulator.swiftmodule /Applications/Xcode.app/Contents/Developer/Toolchains/XcodeDefault.xctoolchain/usr/lib/swift/iphonesimulator/prebuilt-modules/26.5/ObjectiveC.swiftmodule/x86_64-apple-ios-simulator.swiftmodule /Applications/Xcode.app/Contents/Developer/Toolchains/XcodeDefault.xctoolchain/usr/lib/swift/iphonesimulator/prebuilt-modules/26.5/XPC.swiftmodule/x86_64-apple-ios-simulator.swiftmodule /Applications/Xcode.app/Contents/Developer/Toolchains/XcodeDefault.xctoolchain/usr/lib/swift/iphonesimulator/prebuilt-modules/26.5/Distributed.swiftmodule/x86_64-apple-ios-simulator.swiftmodule /Applications/Xcode.app/Contents/Developer/Toolchains/XcodeDefault.xctoolchain/usr/lib/swift/iphonesimulator/prebuilt-modules/26.5/os.swiftmodule/x86_64-apple-ios-simulator.swiftmodule /Applications/Xcode.app/Contents/Developer/Toolchains/XcodeDefault.xctoolchain/usr/lib/swift/iphonesimulator/prebuilt-modules/26.5/RelevanceKit.swiftmodule/x86_64-apple-ios-simulator.swiftmodule /Applications/Xcode.app/Contents/Developer/Toolchains/XcodeDefault.xctoolchain/usr/lib/swift/iphonesimulator/prebuilt-modules/26.5/DataDetection.swiftmodule/x86_64-apple-ios-simulator.swiftmodule /Applications/Xcode.app/Contents/Developer/Toolchains/XcodeDefault.xctoolchain/usr/lib/swift/iphonesimulator/prebuilt-modules/26.5/CoreText.swiftmodule/x86_64-apple-ios-simulator.swiftmodule /Applications/Xcode.app/Contents/Developer/Toolchains/XcodeDefault.xctoolchain/usr/lib/swift/iphonesimulator/prebuilt-modules/26.5/WidgetKit.swiftmodule/x86_64-apple-ios-simulator.swiftmodule /Applications/Xcode.app/Contents/Developer/Toolchains/XcodeDefault.xctoolchain/usr/lib/swift/iphonesimulator/prebuilt-modules/26.5/Intents.swiftmodule/x86_64-apple-ios-simulator.swiftmodule /Applications/Xcode.app/Contents/Developer/Toolchains/XcodeDefault.xctoolchain/usr/lib/swift/iphonesimulator/prebuilt-modules/26.5/Metal.swiftmodule/x86_64-apple-ios-simulator.swiftmodule /Applications/Xcode.app/Contents/Developer/Toolchains/XcodeDefault.xctoolchain/usr/lib/swift/iphonesimulator/prebuilt-modules/26.5/SwiftUI.swiftmodule/x86_64-apple-ios-simulator.swiftmodule /Applications/Xcode.app/Contents/Developer/Toolchains/XcodeDefault.xctoolchain/usr/lib/swift/iphonesimulator/prebuilt-modules/26.5/CoreGraphics.swiftmodule/x86_64-apple-ios-simulator.swiftmodule /Applications/Xcode.app/Contents/Developer/Toolchains/XcodeDefault.xctoolchain/usr/lib/swift/iphonesimulator/prebuilt-modules/26.5/Dispatch.swiftmodule/x86_64-apple-ios-simulator.swiftmodule /Applications/Xcode.app/Contents/Developer/Toolchains/XcodeDefault.xctoolchain/usr/lib/swift/iphonesimulator/prebuilt-modules/26.5/System.swiftmodule/x86_64-apple-ios-simulator.swiftmodule /Applications/Xcode.app/Contents/Developer/Toolchains/XcodeDefault.xctoolchain/usr/lib/swift/iphonesimulator/prebuilt-modules/26.5/_DarwinFoundation1.swiftmodule/x86_64-apple-ios-simulator.swiftmodule /Applications/Xcode.app/Contents/Developer/Toolchains/XcodeDefault.xctoolchain/usr/lib/swift/iphonesimulator/prebuilt-modules/26.5/QuartzCore.swiftmodule/x86_64-apple-ios-simulator.swiftmodule /Applications/Xcode.app/Contents/Developer/Toolchains/XcodeDefault.xctoolchain/usr/lib/swift/iphonesimulator/prebuilt-modules/26.5/CoreData.swiftmodule/x86_64-apple-ios-simulator.swiftmodule /Applications/Xcode.app/Contents/Developer/Toolchains/XcodeDefault.xctoolchain/usr/lib/swift/iphonesimulator/prebuilt-modules/26.5/UniformTypeIdentifiers.swiftmodule/x86_64-apple-ios-simulator.swiftmodule /Applications/Xcode.app/Contents/Developer/Toolchains/XcodeDefault.xctoolchain/usr/lib/swift/iphonesimulator/prebuilt-modules/26.5/CoreVideo.swiftmodule/x86_64-apple-ios-simulator.swiftmodule /Applications/Xcode.app/Contents/Developer/Toolchains/XcodeDefault.xctoolchain/usr/lib/swift/iphonesimulator/prebuilt-modules/26.5/Network.swiftmodule/x86_64-apple-ios-simulator.swiftmodule /Applications/Xcode.app/Contents/Developer/Toolchains/XcodeDefault.xctoolchain/usr/lib/swift/iphonesimulator/prebuilt-modules/26.5/CoreFoundation.swiftmodule/x86_64-apple-ios-simulator.swiftmodule /Applications/Xcode.app/Contents/Developer/Toolchains/XcodeDefault.xctoolchain/usr/lib/swift/iphonesimulator/prebuilt-modules/26.5/DeveloperToolsSupport.swiftmodule/x86_64-apple-ios-simulator.swiftmodule /Applications/Xcode.app/Contents/Developer/Toolchains/XcodeDefault.xctoolchain/usr/lib/swift/iphonesimulator/prebuilt-modules/26.5/Combine.swiftmodule/x86_64-apple-ios-simulator.swiftmodule /Applications/Xcode.app/Contents/Developer/Toolchains/XcodeDefault.xctoolchain/usr/lib/swift/iphonesimulator/prebuilt-modules/26.5/ActivityKit.swiftmodule/x86_64-apple-ios-simulator.swiftmodule /Applications/Xcode.app/Contents/Developer/Toolchains/XcodeDefault.xctoolchain/usr/lib/swift/iphonesimulator/prebuilt-modules/26.5/AppIntents.swiftmodule/x86_64-apple-ios-simulator.swiftmodule /Applications/Xcode.app/Contents/Developer/Toolchains/XcodeDefault.xctoolchain/usr/lib/swift/iphonesimulator/prebuilt-modules/26.5/_Builtin_float.swiftmodule/x86_64-apple-ios-simulator.swiftmodule /Applications/Xcode.app/Contents/Developer/Toolchains/XcodeDefault.xctoolchain/usr/lib/swift/iphonesimulator/prebuilt-modules/26.5/OSLog.swiftmodule/x86_64-apple-ios-simulator.swiftmodule /tmp/tacklebox-six-features-20260909/derived/ModuleCache.noindex/IOSurface-9QOYQ77T0R5W17CF2HXZ6PR9Q.pcm /tmp/tacklebox-six-features-20260909/derived/ModuleCache.noindex/_LocationEssentials-13K97X2D359NCQGHNRB7ILWT.pcm /tmp/tacklebox-six-features-20260909/derived/ModuleCache.noindex/Spatial-3RAO06Q4I4LNNWJZ4YZAUR4CA.pcm /tmp/tacklebox-six-features-20260909/derived/ModuleCache.noindex/WidgetKit-DWF5PDWOG2395WAA5RIUOTF5X.pcm /tmp/tacklebox-six-features-20260909/derived/ModuleCache.noindex/CoreSpotlight-EMI1EOJCKO0UAWTI4C1TTJ29N.pcm /tmp/tacklebox-six-features-20260909/derived/ModuleCache.noindex/sys_types-2UXV89JVYPG380I8QR7ZI2EZB.pcm /tmp/tacklebox-six-features-20260909/derived/ModuleCache.noindex/_Builtin_stdarg-DJW0RZ5V12WN9F72MPEIWYU4T.pcm /tmp/tacklebox-six-features-20260909/derived/ModuleCache.noindex/_Builtin_stdint-CP2J0GLZHZJ26MOBN0OEMNMKB.pcm /tmp/tacklebox-six-features-20260909/derived/ModuleCache.noindex/os-CCZRU8TN1E7B0KUXOM5FO7ZL4.pcm /tmp/tacklebox-six-features-20260909/derived/ModuleCache.noindex/CoreLocation-6NL07QCH3UI3QILOIV8BZTQFJ.pcm /tmp/tacklebox-six-features-20260909/derived/ModuleCache.noindex/ImageIO-RD1T6EUBEYGSLIN6LEP1JCAI.pcm /tmp/tacklebox-six-features-20260909/derived/ModuleCache.noindex/OSLog-E3ITF1DLEQL80YGLNI33BP32C.pcm /tmp/tacklebox-six-features-20260909/derived/ModuleCache.noindex/CoreImage-ETF85YZ79MOMAQMTTQ82BXR19.pcm /tmp/tacklebox-six-features-20260909/derived/ModuleCache.noindex/DataDetection-4P8HWU5LGAMXUZG37MBQHYT51.pcm /tmp/tacklebox-six-features-20260909/derived/ModuleCache.noindex/_Builtin_intrinsics-4Q72MMVJY6SO4CWTUMXX9XGGY.pcm /tmp/tacklebox-six-features-20260909/derived/ModuleCache.noindex/SwiftUICore-9V3C8K045TY9P7FIF4DGJU1RD.pcm /tmp/tacklebox-six-features-20260909/derived/ModuleCache.noindex/FileProvider-DE3PXIRYPYNLS42JGIYGOEVXG.pcm /tmp/tacklebox-six-features-20260909/derived/ModuleCache.noindex/CFNetwork-9VRCCHQ38A3RS5OOCTFK7UF9L.pcm /tmp/tacklebox-six-features-20260909/derived/ModuleCache.noindex/CoreGraphics-3P72L2AKL2PYUD5KPWDZTF2FZ.pcm /tmp/tacklebox-six-features-20260909/derived/ModuleCache.noindex/QuartzCore-4N0BU9JH8JPKS27CV14M55EVB.pcm /tmp/tacklebox-six-features-20260909/derived/ModuleCache.noindex/Network-9G79YE065KEE5FZPF1EM9CCXH.pcm /tmp/tacklebox-six-features-20260909/derived/ModuleCache.noindex/SwiftUI-AKU1BHZSV24MTZTRMTP90RDJE.pcm /tmp/tacklebox-six-features-20260909/derived/ModuleCache.noindex/_Builtin_stdatomic-9WK554DHM57IN2KB9WHV32CJJ.pcm /tmp/tacklebox-six-features-20260909/derived/ModuleCache.noindex/_Builtin_tgmath-EZ5PW6PZGDTP9F1BQK7PEEYP6.pcm /tmp/tacklebox-six-features-20260909/derived/ModuleCache.noindex/UniformTypeIdentifiers-CE7K9R399F845VRAPS7FX1ZV6.pcm /tmp/tacklebox-six-features-20260909/derived/ModuleCache.noindex/_DarwinFoundation2-SO8ZUKS9RUCAWUL9NP9B4PEX.pcm /tmp/tacklebox-six-features-20260909/derived/ModuleCache.noindex/MachO-9V8XKDGLLYYCZINTSP5MQD80L.pcm /tmp/tacklebox-six-features-20260909/derived/ModuleCache.noindex/OpenGLES-EN0JCPX81LAQ2ZJP7DWGKEY61.pcm /tmp/tacklebox-six-features-20260909/derived/ModuleCache.noindex/AppIntents-8087KSP598ECMR888G0HPYXRV.pcm /tmp/tacklebox-six-features-20260909/derived/ModuleCache.noindex/UIUtilities-AL8PGTVHW6XUB3YGHMMEL0FPR.pcm /tmp/tacklebox-six-features-20260909/derived/ModuleCache.noindex/Accessibility-DEA8GI8UO8LJ0ZRPNT9HV4XMZ.pcm /tmp/tacklebox-six-features-20260909/derived/ModuleCache.noindex/SwiftShims-CHAK0W2YK91WBL8XD5ITPGF3W.pcm /tmp/tacklebox-six-features-20260909/derived/ModuleCache.noindex/_Builtin_stddef-EQOFTL1PSQF2PGLTL6PM5Z6F9.pcm /tmp/tacklebox-six-features-20260909/derived/ModuleCache.noindex/Symbols-ESWR0BXEP63E2LXZ957DAOQMX.pcm /tmp/tacklebox-six-features-20260909/derived/ModuleCache.noindex/os_workgroup-55MKF2IOD3ZFOPV6PQMN83TV8.pcm /tmp/tacklebox-six-features-20260909/derived/ModuleCache.noindex/_SwiftConcurrencyShims-9HU40BYPQO5SF6MKRTT54MDNG.pcm /tmp/tacklebox-six-features-20260909/derived/ModuleCache.noindex/CoreTransferable-10QA6CL4H8FWYF3AIV1JXF9UW.pcm /tmp/tacklebox-six-features-20260909/derived/ModuleCache.noindex/ptrcheck-8CQDP7DQQ79IDEDBTIPMQC11W.pcm /tmp/tacklebox-six-features-20260909/derived/ModuleCache.noindex/Metal-DILEKC3AAZ51OUJ1V711GFPD5.pcm /tmp/tacklebox-six-features-20260909/derived/ModuleCache.noindex/CoreData-EPNGQY7NS2PZZVFV5C96SUK7A.pcm /tmp/tacklebox-six-features-20260909/derived/ModuleCache.noindex/CoreVideo-9X9O05CABXKM4YWX7G27UMOE0.pcm /tmp/tacklebox-six-features-20260909/derived/ModuleCache.noindex/Dispatch-MNC85HQ3D02FHQXRO85UB1BX.pcm /tmp/tacklebox-six-features-20260909/derived/ModuleCache.noindex/Intents-74K83PQECVNM9M0EWK1GZ20HZ.pcm /tmp/tacklebox-six-features-20260909/derived/ModuleCache.noindex/DeveloperToolsSupport-6YL29T9XKCE8UBTVPB4RF35HP.pcm /tmp/tacklebox-six-features-20260909/derived/ModuleCache.noindex/Darwin-27B96MWBJKJB25V72T8TWJZ1R.pcm /tmp/tacklebox-six-features-20260909/derived/ModuleCache.noindex/_Builtin_float-3N263KT5NCLU3PK82CXVG4NE5.pcm /tmp/tacklebox-six-features-20260909/derived/ModuleCache.noindex/UserNotifications-9L8YQ94QILCL9VMHUK2SYDE0G.pcm /tmp/tacklebox-six-features-20260909/derived/ModuleCache.noindex/_Builtin_limits-621PA3UAN3CKMON59SVT6W9HT.pcm /tmp/tacklebox-six-features-20260909/derived/ModuleCache.noindex/_Builtin_stdbool-7ANRVX8ZX9TZKN4G8TBMCVPUM.pcm /tmp/tacklebox-six-features-20260909/derived/ModuleCache.noindex/ActivityKit-D3LBBF1OOALGSO7FZAR28BLSR.pcm /tmp/tacklebox-six-features-20260909/derived/ModuleCache.noindex/CoreText-1L5966MBRW9T129EBT4JNPOJN.pcm /tmp/tacklebox-six-features-20260909/derived/ModuleCache.noindex/ExtensionFoundation-CHVSXRAM7QA2M7WV1197R29OH.pcm /tmp/tacklebox-six-features-20260909/derived/ModuleCache.noindex/Security-4IQ80OS5QSWP3299GJERD5X5Z.pcm /tmp/tacklebox-six-features-20260909/derived/ModuleCache.noindex/ObjectiveC-CM1CCYCZNL05W8FIAV1539MVR.pcm /tmp/tacklebox-six-features-20260909/derived/ModuleCache.noindex/XPC-464F9GLLVIQ5QBC9YDGRKH0LN.pcm /tmp/tacklebox-six-features-20260909/derived/ModuleCache.noindex/Foundation-DWO4A0GJOKOG1I7OI74LMB49C.pcm /tmp/tacklebox-six-features-20260909/derived/ModuleCache.noindex/_DarwinFoundation1-EDGGCU95HKID33VUPU8UVZVD4.pcm /tmp/tacklebox-six-features-20260909/derived/ModuleCache.noindex/CoreFoundation-173JC0T0XCDLY9U4FTS2MCC2K.pcm /tmp/tacklebox-six-features-20260909/derived/ModuleCache.noindex/RelevanceKit-2YRKC1IZ8X0KPRNNE9NFLQ1IR.pcm /tmp/tacklebox-six-features-20260909/derived/ModuleCache.noindex/_DarwinFoundation3-A63IGMGINHOLQP5DLDY99VJVQ.pcm /tmp/tacklebox-six-features-20260909/derived/ModuleCache.noindex/ptrauth-343WS9WJQSIKJ3D6E1LU6ZLRP.pcm /tmp/tacklebox-six-features-20260909/derived/ModuleCache.noindex/UIKit-AZCWJ9AMQHH17Q5PR3BN8UYWB.pcm /tmp/tacklebox-six-features-20260909/derived/ModuleCache.noindex/os_object-7GEXIXP7EN7ZT5QBSG7C526F9.pcm /tmp/tacklebox-six-features-20260909/derived/ModuleCache.noindex/_Builtin_inttypes-21V8MKXZ3J7ERI172W1N1V4QP.pcm /tmp/tacklebox-six-features-20260909/derived/ModuleCache.noindex/dnssd-DOR6UU0FEX64YJK9PVHTV43IL.pcm /tmp/tacklebox-six-features-20260909/derived/ModuleCache.noindex/_AvailabilityInternal-4P7KSFE73N8OCTH043HWB6MDX.pcm /tmp/tacklebox-six-features-20260909/derived/ModuleCache.noindex/simd-D29L3ZT6BO1GDPH93VJ4J10CU.pcm /tmp/tacklebox-six-features-20260909/derived/Build/Intermediates.noindex/Tacklebox.build/Release-iphonesimulator/TackleboxWidget.build/Objects-normal/x86_64/TackleboxWidget-dependencies-1.json (in target 'TackleboxWidget' from project 'Tacklebox')

CompileSwift normal x86_64 (in target 'TackleboxWidget' from project 'Tacklebox')
    cd /Volumes/working\ /recovery-2026-08-27/tacklebox-ios
    

SwiftExplicitDependencyGeneratePcm arm64 /tmp/tacklebox-six-features-20260909/derived/ModuleCache.noindex/SwiftUI-DX2A08E4DAUP1ZGA41FFY1FGJ.pcm

SwiftCompile normal arm64 Compiling\ BiteWindowWidget.swift,\ SessionActivityAttributes.swift,\ SessionLiveActivity.swift,\ SolunarPlaceStore.swift,\ SolunarService.swift,\ Theme.swift /Volumes/working\ /recovery-2026-08-27/tacklebox-ios/TackleboxWidget/BiteWindowWidget.swift /Volumes/working\ /recovery-2026-08-27/tacklebox-ios/Tacklebox/Features/Sessions/SessionActivityAttributes.swift /Volumes/working\ /recovery-2026-08-27/tacklebox-ios/TackleboxWidget/SessionLiveActivity.swift /Volumes/working\ /recovery-2026-08-27/tacklebox-ios/Tacklebox/Features/Solunar/SolunarPlaceStore.swift /Volumes/working\ /recovery-2026-08-27/tacklebox-ios/Tacklebox/Features/Solunar/SolunarService.swift /Volumes/working\ /recovery-2026-08-27/tacklebox-ios/Tacklebox/DesignSystem/Theme.swift /Applications/Xcode.app/Contents/Developer/Toolchains/XcodeDefault.xctoolchain/usr/lib/swift/iphonesimulator/prebuilt-modules/26.5/CoreImage.swiftmodule/arm64-apple-ios-simulator.swiftmodule /Applications/Xcode.app/Contents/Developer/Toolchains/XcodeDefault.xctoolchain/usr/lib/swift/iphonesimulator/prebuilt-modules/26.5/QuartzCore.swiftmodule/arm64-apple-ios-simulator.swiftmodule /Applications/Xcode.app/Contents/Developer/Toolchains/XcodeDefault.xctoolchain/usr/lib/swift/iphonesimulator/prebuilt-modules/26.5/_DarwinFoundation1.swiftmodule/arm64-apple-ios-simulator.swiftmodule /Applications/Xcode.app/Contents/Developer/Toolchains/XcodeDefault.xctoolchain/usr/lib/swift/iphonesimulator/prebuilt-modules/26.5/AppIntents.swiftmodule/arm64-apple-ios-simulator.swiftmodule /Applications/Xcode.app/Contents/Developer/Toolchains/XcodeDefault.xctoolchain/usr/lib/swift/iphonesimulator/prebuilt-modules/26.5/OSLog.swiftmodule/arm64-apple-ios-simulator.swiftmodule /Applications/Xcode.app/Contents/Developer/Toolchains/XcodeDefault.xctoolchain/usr/lib/swift/iphonesimulator/prebuilt-modules/26.5/System.swiftmodule/arm64-apple-ios-simulator.swiftmodule /Applications/Xcode.app/Contents/Developer/Toolchains/XcodeDefault.xctoolchain/usr/lib/swift/iphonesimulator/prebuilt-modules/26.5/CoreData.swiftmodule/arm64-apple-ios-simulator.swiftmodule /Applications/Xcode.app/Contents/Developer/Toolchains/XcodeDefault.xctoolchain/usr/lib/swift/iphonesimulator/prebuilt-modules/26.5/Dispatch.swiftmodule/arm64-apple-ios-simulator.swiftmodule /Applications/Xcode.app/Contents/Developer/Toolchains/XcodeDefault.xctoolchain/usr/lib/swift/iphonesimulator/prebuilt-modules/26.5/Observation.swiftmodule/arm64-apple-ios-simulator.swiftmodule /Applications/Xcode.app/Contents/Developer/Toolchains/XcodeDefault.xctoolchain/usr/lib/swift/iphonesimulator/prebuilt-modules/26.5/_DarwinFoundation3.swiftmodule/arm64-apple-ios-simulator.swiftmodule /Applications/Xcode.app/Contents/Developer/Toolchains/XcodeDefault.xctoolchain/usr/lib/swift/iphonesimulator/prebuilt-modules/26.5/CoreLocation.swiftmodule/arm64-apple-ios-simulator.swiftmodule /Applications/Xcode.app/Contents/Developer/Toolchains/XcodeDefault.xctoolchain/usr/lib/swift/iphonesimulator/prebuilt-modules/26.5/DeveloperToolsSupport.swiftmodule/arm64-apple-ios-simulator.swiftmodule /Applications/Xcode.app/Contents/Developer/Toolchains/XcodeDefault.xctoolchain/usr/lib/swift/iphonesimulator/prebuilt-modules/26.5/CoreText.swiftmodule/arm64-apple-ios-simulator.swiftmodule /Applications/Xcode.app/Contents/Developer/Toolchains/XcodeDefault.xctoolchain/usr/lib/swift/iphonesimulator/prebuilt-modules/26.5/UIKit.swiftmodule/arm64-apple-ios-simulator.swiftmodule /Applications/Xcode.app/Contents/Developer/Toolchains/XcodeDefault.xctoolchain/usr/lib/swift/iphonesimulator/prebuilt-modules/26.5/Foundation.swiftmodule/arm64-apple-ios-simulator.swiftmodule /Applications/Xcode.app/Contents/Developer/Toolchains/XcodeDefault.xctoolchain/usr/lib/swift/iphonesimulator/prebuilt-modules/26.5/_AppIntents_SwiftUI.swiftmodule/arm64-apple-ios-simulator.swiftmodule /Applications/Xcode.app/Contents/Developer/Toolchains/XcodeDefault.xctoolchain/usr/lib/swift/iphonesimulator/prebuilt-modules/26.5/RelevanceKit.swiftmodule/arm64-apple-ios-simulator.swiftmodule /Applications/Xcode.app/Contents/Developer/Toolchains/XcodeDefault.xctoolchain/usr/lib/swift/iphonesimulator/prebuilt-modules/26.5/Spatial.swiftmodule/arm64-apple-ios-simulator.swiftmodule /Applications/Xcode.app/Contents/Developer/Toolchains/XcodeDefault.xctoolchain/usr/lib/swift/iphonesimulator/prebuilt-modules/26.5/WidgetKit.swiftmodule/arm64-apple-ios-simulator.swiftmodule /Applications/Xcode.app/Contents/Developer/Toolchains/XcodeDefault.xctoolchain/usr/lib/swift/iphonesimulator/prebuilt-modules/26.5/DataDetection.swiftmodule/arm64-apple-ios-simulator.swiftmodule /Applications/Xcode.app/Contents/Developer/Toolchains/XcodeDefault.xctoolchain/usr/lib/swift/iphonesimulator/prebuilt-modules/26.5/os.swiftmodule/arm64-apple-ios-simulator.swiftmodule /Applications/Xcode.app/Contents/Developer/Toolchains/XcodeDefault.xctoolchain/usr/lib/swift/iphonesimulator/prebuilt-modules/26.5/Combine.swiftmodule/arm64-apple-ios-simulator.swiftmodule /Applications/Xcode.app/Contents/Developer/Toolchains/XcodeDefault.xctoolchain/usr/lib/swift/iphonesimulator/prebuilt-modules/26.5/ObjectiveC.swiftmodule/arm64-apple-ios-simulator.swiftmodule /Applications/Xcode.app/Contents/Developer/Toolchains/XcodeDefault.xctoolchain/usr/lib/swift/iphonesimulator/prebuilt-modules/26.5/Distributed.swiftmodule/arm64-apple-ios-simulator.swiftmodule /Applications/Xcode.app/Contents/Developer/Toolchains/XcodeDefault.xctoolchain/usr/lib/swift/iphonesimulator/prebuilt-modules/26.5/XPC.swiftmodule/arm64-apple-ios-simulator.swiftmodule /Applications/Xcode.app/Contents/Developer/Toolchains/XcodeDefault.xctoolchain/usr/lib/swift/iphonesimulator/prebuilt-modules/26.5/_Concurrency.swiftmodule/arm64-apple-ios-simulator.swiftmodule /Applications/Xcode.app/Contents/Developer/Toolchains/XcodeDefault.xctoolchain/usr/lib/swift/iphonesimulator/prebuilt-modules/26.5/SwiftUICore.swiftmodule/arm64-apple-ios-simulator.swiftmodule /Applications/Xcode.app/Contents/Developer/Toolchains/XcodeDefault.xctoolchain/usr/lib/swift/iphonesimulator/prebuilt-modules/26.5/UniformTypeIdentifiers.swiftmodule/arm64-apple-ios-simulator.swiftmodule /Applications/Xcode.app/Contents/Developer/Toolchains/XcodeDefault.xctoolchain/usr/lib/swift/iphonesimulator/prebuilt-modules/26.5/CoreVideo.swiftmodule/arm64-apple-ios-simulator.swiftmodule /Applications/Xcode.app/Contents/Developer/Toolchains/XcodeDefault.xctoolchain/usr/lib/swift/iphonesimulator/prebuilt-modules/26.5/Network.swiftmodule/arm64-apple-ios-simulator.swiftmodule /Applications/Xcode.app/Contents/Developer/Toolchains/XcodeDefault.xctoolchain/usr/lib/swift/iphonesimulator/prebuilt-modules/26.5/FileProvider.swiftmodule/arm64-apple-ios-simulator.swiftmodule /Applications/Xcode.app/Contents/Developer/Toolchains/XcodeDefault.xctoolchain/usr/lib/swift/iphonesimulator/prebuilt-modules/26.5/CoreGraphics.swiftmodule/arm64-apple-ios-simulator.swiftmodule /Applications/Xcode.app/Contents/Developer/Toolchains/XcodeDefault.xctoolchain/usr/lib/swift/iphonesimulator/prebuilt-modules/26.5/Metal.swiftmodule/arm64-apple-ios-simulator.swiftmodule /Applications/Xcode.app/Contents/Developer/Toolchains/XcodeDefault.xctoolchain/usr/lib/swift/iphonesimulator/prebuilt-modules/26.5/_StringProcessing.swiftmodule/arm64-apple-ios-simulator.swiftmodule /Applications/Xcode.app/Contents/Developer/Toolchains/XcodeDefault.xctoolchain/usr/lib/swift/iphonesimulator/prebuilt-modules/26.5/Swift.swiftmodule/arm64-apple-ios-simulator.swiftmodule /Applications/Xcode.app/Contents/Developer/Toolchains/XcodeDefault.xctoolchain/usr/lib/swift/iphonesimulator/prebuilt-modules/26.5/simd.swiftmodule/arm64-apple-ios-simulator.swiftmodule /Applications/Xcode.app/Contents/Developer/Toolchains/XcodeDefault.xctoolchain/usr/lib/swift/iphonesimulator/prebuilt-modules/26.5/Symbols.swiftmodule/arm64-apple-ios-simulator.swiftmodule /Applications/Xcode.app/Contents/Developer/Toolchains/XcodeDefault.xctoolchain/usr/lib/swift/iphonesimulator/prebuilt-modules/26.5/CoreTransferable.swiftmodule/arm64-apple-ios-simulator.swiftmodule /Applications/Xcode.app/Contents/Developer/Toolchains/XcodeDefault.xctoolchain/usr/lib/swift/iphonesimulator/prebuilt-modules/26.5/SwiftUI.swiftmodule/arm64-apple-ios-simulator.swiftmodule /Applications/Xcode.app/Contents/Developer/Toolchains/XcodeDefault.xctoolchain/usr/lib/swift/iphonesimulator/prebuilt-modules/26.5/CoreFoundation.swiftmodule/arm64-apple-ios-simulator.swiftmodule /Applications/Xcode.app/Contents/Developer/Toolchains/XcodeDefault.xctoolchain/usr/lib/swift/iphonesimulator/prebuilt-modules/26.5/ActivityKit.swiftmodule/arm64-apple-ios-simulator.swiftmodule /Applications/Xcode.app/Contents/Developer/Toolchains/XcodeDefault.xctoolchain/usr/lib/swift/iphonesimulator/prebuilt-modules/26.5/Intents.swiftmodule/arm64-apple-ios-simulator.swiftmodule /Applications/Xcode.app/Contents/Developer/Toolchains/XcodeDefault.xctoolchain/usr/lib/swift/iphonesimulator/prebuilt-modules/26.5/_DarwinFoundation2.swiftmodule/arm64-apple-ios-simulator.swiftmodule /Applications/Xcode.app/Contents/Developer/Toolchains/XcodeDefault.xctoolchain/usr/lib/swift/iphonesimulator/prebuilt-modules/26.5/_Builtin_float.swiftmodule/arm64-apple-ios-simulator.swiftmodule /Applications/Xcode.app/Contents/Developer/Toolchains/XcodeDefault.xctoolchain/usr/lib/swift/iphonesimulator/prebuilt-modules/26.5/ExtensionFoundation.swiftmodule/arm64-apple-ios-simulator.swiftmodule /Applications/Xcode.app/Contents/Developer/Toolchains/XcodeDefault.xctoolchain/usr/lib/swift/iphonesimulator/prebuilt-modules/26.5/Accessibility.swiftmodule/arm64-apple-ios-simulator.swiftmodule /Applications/Xcode.app/Contents/Developer/Toolchains/XcodeDefault.xctoolchain/usr/lib/swift/iphonesimulator/prebuilt-modules/26.5/CoreSpotlight.swiftmodule/arm64-apple-ios-simulator.swiftmodule /Applications/Xcode.app/Contents/Developer/Toolchains/XcodeDefault.xctoolchain/usr/lib/swift/iphonesimulator/prebuilt-modules/26.5/Darwin.swiftmodule/arm64-apple-ios-simulator.swiftmodule /tmp/tacklebox-six-features-20260909/derived/ModuleCache.noindex/_DarwinFoundation3-20BA01ACKX8EHVQ6X9OY8KA7F.pcm /tmp/tacklebox-six-features-20260909/derived/ModuleCache.noindex/_Builtin_stdbool-D835RFJY5YBFJC6WF36HU3QIF.pcm /tmp/tacklebox-six-features-20260909/derived/ModuleCache.noindex/IOSurface-6GYDO4AICXYIHYKTOLDOHOSSX.pcm /tmp/tacklebox-six-features-20260909/derived/ModuleCache.noindex/OpenGLES-CG2ILF6RW1CZFB57TK0VGOFJD.pcm /tmp/tacklebox-six-features-20260909/derived/ModuleCache.noindex/OSLog-2H9N1FT8R9N6ZWR9PGHP3AWTO.pcm /tmp/tacklebox-six-features-20260909/derived/ModuleCache.noindex/WidgetKit-2DHO7G0VXY3BI0DHAHYLVPVZW.pcm /tmp/tacklebox-six-features-20260909/derived/ModuleCache.noindex/CoreFoundation-D19NIV8G85A9DCSEP4LL378BT.pcm /tmp/tacklebox-six-features-20260909/derived/ModuleCache.noindex/XPC-1CKHT8QY3RQ40Y7SE8OLUYQ64.pcm /tmp/tacklebox-six-features-20260909/derived/ModuleCache.noindex/AppIntents-UT19WY2GY6RY1RWXACHGCQT8.pcm /tmp/tacklebox-six-features-20260909/derived/ModuleCache.noindex/Darwin-2QV9Q7ARIN54DT3UFF26ADWDC.pcm /tmp/tacklebox-six-features-20260909/derived/ModuleCache.noindex/simd-63QKRRD0UQFQDNOO3KYNADDZY.pcm /tmp/tacklebox-six-features-20260909/derived/ModuleCache.noindex/_DarwinFoundation2-EP6H9PQKZNNEIWDJ566GV7QQK.pcm /tmp/tacklebox-six-features-20260909/derived/ModuleCache.noindex/_Builtin_inttypes-97RA74YRJ9M0CXQFY00BVA5Y.pcm /tmp/tacklebox-six-features-20260909/derived/ModuleCache.noindex/_LocationEssentials-BG01F2DSREZ90WCHTUXAD0AWX.pcm /tmp/tacklebox-six-features-20260909/derived/ModuleCache.noindex/_Builtin_tgmath-1D6Q98LHECP0STMIUYUGFRFC3.pcm /tmp/tacklebox-six-features-20260909/derived/ModuleCache.noindex/RelevanceKit-8FZ32NPLMV3AFBJTITC6RK9UT.pcm /tmp/tacklebox-six-features-20260909/derived/ModuleCache.noindex/CoreText-A51H6CYHR786JONXQIJHZPESP.pcm /tmp/tacklebox-six-features-20260909/derived/ModuleCache.noindex/_SwiftConcurrencyShims-4AQA4D7IG9CQ2AH6II7UBTP9E.pcm /tmp/tacklebox-six-features-20260909/derived/ModuleCache.noindex/Metal-4TT1SVZWUAF2L5NHI8RJ5DOK2.pcm /tmp/tacklebox-six-features-20260909/derived/ModuleCache.noindex/UIUtilities-D6V6HJEDHL2YQN4VTIVV4ZHL7.pcm /tmp/tacklebox-six-features-20260909/derived/ModuleCache.noindex/Intents-AC24VAGBXSEIE5WNDU4ZX9GHH.pcm /tmp/tacklebox-six-features-20260909/derived/ModuleCache.noindex/CoreData-A9MABVV0CVWCHSHZN9NJK47RI.pcm /tmp/tacklebox-six-features-20260909/derived/ModuleCache.noindex/UniformTypeIdentifiers-8EF9RGKLDATJQO9JTX0B6N9WG.pcm /tmp/tacklebox-six-features-20260909/derived/ModuleCache.noindex/_Builtin_intrinsics-2ARAGUY1WGNV7TT1DBPNC259Y.pcm /tmp/tacklebox-six-features-20260909/derived/ModuleCache.noindex/UIKit-3YH639SF9BF46KLTLEJGX1SVV.pcm /tmp/tacklebox-six-features-20260909/derived/ModuleCache.noindex/Spatial-AQ8ZA3XTU96U8J9SMSODY7LY8.pcm /tmp/tacklebox-six-features-20260909/derived/ModuleCache.noindex/CoreTransferable-ET6MJ2EI2OMQC4JSAZ7RL58NS.pcm /tmp/tacklebox-six-features-20260909/derived/ModuleCache.noindex/_Builtin_stdarg-29JUJQWR04Y8092J7GT2CMHL5.pcm /tmp/tacklebox-six-features-20260909/derived/ModuleCache.noindex/SwiftUI-DX2A08E4DAUP1ZGA41FFY1FGJ.pcm /tmp/tacklebox-six-features-20260909/derived/ModuleCache.noindex/ImageIO-75U7FEW6EP40RU14ZMSVZDAKG.pcm /tmp/tacklebox-six-features-20260909/derived/ModuleCache.noindex/Network-8N2LBN40X8BL78UBRGDWY88K6.pcm /tmp/tacklebox-six-features-20260909/derived/ModuleCache.noindex/_Builtin_stddef-CEPWOFWFE328J98D800X5FF49.pcm /tmp/tacklebox-six-features-20260909/derived/ModuleCache.noindex/Dispatch-BYLLFCGMUQQNBJ10SSUWRO2T7.pcm /tmp/tacklebox-six-features-20260909/derived/ModuleCache.noindex/_Builtin_stdint-2OZWUIHFPI4GKNF0BASFTRHYV.pcm /tmp/tacklebox-six-features-20260909/derived/ModuleCache.noindex/UserNotifications-40J75NBXJ2RLJATVS4UNV3LBN.pcm /tmp/tacklebox-six-features-20260909/derived/ModuleCache.noindex/ObjectiveC-9TIXKLZA7ZHOGRCG2I3HYHE7Y.pcm /tmp/tacklebox-six-features-20260909/derived/ModuleCache.noindex/Foundation-BYWUSFQAWOZ0AN0QQI5LJ1YNQ.pcm /tmp/tacklebox-six-features-20260909/derived/ModuleCache.noindex/os_workgroup-9XTQWK4YFQHES075HVYLO878H.pcm /tmp/tacklebox-six-features-20260909/derived/ModuleCache.noindex/ptrcheck-3QQ9XEYAJV7SZJ12UI0B7V69R.pcm /tmp/tacklebox-six-features-20260909/derived/ModuleCache.noindex/Security-9VPCRDEX6P5MVD2M4D3MJLDWC.pcm /tmp/tacklebox-six-features-20260909/derived/ModuleCache.noindex/DeveloperToolsSupport-7ZJO8CRY5A1BOEFAKTPXZI8H6.pcm /tmp/tacklebox-six-features-20260909/derived/ModuleCache.noindex/CoreLocation-DP3XOPT0UKA2RCJ2YU9PS91PP.pcm /tmp/tacklebox-six-features-20260909/derived/ModuleCache.noindex/QuartzCore-86NUGDH6YVDXLKA8YK64LDWVD.pcm /tmp/tacklebox-six-features-20260909/derived/ModuleCache.noindex/CoreGraphics-66ND9GN1XEDGILOG6COOBOHA7.pcm /tmp/tacklebox-six-features-20260909/derived/ModuleCache.noindex/SwiftUICore-9PHX4X82510DK75JE0IR0O7G.pcm /tmp/tacklebox-six-features-20260909/derived/ModuleCache.noindex/_Builtin_limits-59G4V08MNWT1051JFAPY5TCFE.pcm /tmp/tacklebox-six-features-20260909/derived/ModuleCache.noindex/dnssd-1ZC85KIW2ZD2AOYS1MEC8QPBJ.pcm /tmp/tacklebox-six-features-20260909/derived/ModuleCache.noindex/CFNetwork-D5YDS79IEONQD60NNEKBXFIB8.pcm /tmp/tacklebox-six-features-20260909/derived/ModuleCache.noindex/_Builtin_stdatomic-CN1S2OH0H0I9Y2KXPGRWH9G3N.pcm /tmp/tacklebox-six-features-20260909/derived/ModuleCache.noindex/_Builtin_float-R17ARB6IIK7CVUYSHJ2T2WJC.pcm /tmp/tacklebox-six-features-20260909/derived/ModuleCache.noindex/CoreImage-3BU81AHWLPORM50N7YWGU1N6X.pcm /tmp/tacklebox-six-features-20260909/derived/ModuleCache.noindex/ActivityKit-1O0L4XAA7VPYHP8O263F26T3R.pcm /tmp/tacklebox-six-features-20260909/derived/ModuleCache.noindex/ptrauth-D79OS36TCEE3I8PDRMSVC8TLQ.pcm /tmp/tacklebox-six-features-20260909/derived/ModuleCache.noindex/DataDetection-7BYAA07B7QPBALO9C9VHSXLFG.pcm /tmp/tacklebox-six-features-20260909/derived/ModuleCache.noindex/ExtensionFoundation-2R8XORFQZ9ZM91QLCYNBPQN4S.pcm /tmp/tacklebox-six-features-20260909/derived/ModuleCache.noindex/Symbols-D8RR796S6XYBZCSOAP2CAYCSX.pcm /tmp/tacklebox-six-features-20260909/derived/ModuleCache.noindex/_DarwinFoundation1-C1CJVL6QJRJ0WBBR6BJFA7DW6.pcm /tmp/tacklebox-six-features-20260909/derived/ModuleCache.noindex/CoreVideo-9DIW3L0JA3ZSCGI7H8NA6XE84.pcm /tmp/tacklebox-six-features-20260909/derived/ModuleCache.noindex/FileProvider-DATF0X3QGPVDPLGPSFR2SNPZC.pcm /tmp/tacklebox-six-features-20260909/derived/ModuleCache.noindex/Accessibility-CWH826KV7VDICLJZA1UBO7YRE.pcm /tmp/tacklebox-six-features-20260909/derived/ModuleCache.noindex/MachO-5PKKABQEGA97U5W6CEOWJO3HB.pcm /tmp/tacklebox-six-features-20260909/derived/ModuleCache.noindex/os_object-3LGGNK4ECIF7NN9B8081197I8.pcm /tmp/tacklebox-six-features-20260909/derived/ModuleCache.noindex/_AvailabilityInternal-8XRUTDGYOXN5Y0IFDQL7QU9P5.pcm /tmp/tacklebox-six-features-20260909/derived/ModuleCache.noindex/os-7NMHWTW5IYRMQNJ3XOYTM2H18.pcm /tmp/tacklebox-six-features-20260909/derived/ModuleCache.noindex/CoreSpotlight-25D2L5L1X0HADFAMUETTPX784.pcm /tmp/tacklebox-six-features-20260909/derived/ModuleCache.noindex/SwiftShims-8PVOT078FHHG73KWZ1EY06O7V.pcm /tmp/tacklebox-six-features-20260909/derived/ModuleCache.noindex/sys_types-1B4AZZWT1C4FTDYBYQ42JZ4U2.pcm /tmp/tacklebox-six-features-20260909/derived/Build/Intermediates.noindex/Tacklebox.build/Release-iphonesimulator/TackleboxWidget.build/Objects-normal/arm64/TackleboxWidget-dependencies-2.json (in target 'TackleboxWidget' from project 'Tacklebox')
CompileSwift normal arm64 (in target 'TackleboxWidget' from project 'Tacklebox')
    cd /Volumes/working\ /recovery-2026-08-27/tacklebox-ios
    

SwiftDriverJobDiscovery normal x86_64 Compiling BiteWindowWidget.swift, SessionActivityAttributes.swift, SessionLiveActivity.swift, SolunarPlaceStore.swift, SolunarService.swift, Theme.swift (in target 'TackleboxWidget' from project 'Tacklebox')

SwiftDriver\ Compilation\ Requirements TackleboxWidget normal x86_64 com.apple.xcode.tools.swift.compiler (in target 'TackleboxWidget' from project 'Tacklebox')
    cd /Volumes/working\ /recovery-2026-08-27/tacklebox-ios
    builtin-Swift-Compilation-Requirements -- /Applications/Xcode.app/Contents/Developer/Toolchains/XcodeDefault.xctoolchain/usr/bin/swiftc -module-name TackleboxWidget -O -whole-module-optimization @/tmp/tacklebox-six-features-20260909/derived/Build/Intermediates.noindex/Tacklebox.build/Release-iphonesimulator/TackleboxWidget.build/Objects-normal/x86_64/TackleboxWidget.SwiftFileList -enable-bare-slash-regex -enable-experimental-feature DebugDescriptionMacro -sdk /Applications/Xcode.app/Contents/Developer/Platforms/iPhoneSimulator.platform/Developer/SDKs/iPhoneSimulator26.5.sdk -target x86_64-apple-ios17.0-simulator -g -module-cache-path /tmp/tacklebox-six-features-20260909/derived/ModuleCache.noindex -Xfrontend -serialize-debugging-options -application-extension -swift-version 5 -I /tmp/tacklebox-six-features-20260909/derived/Build/Products/Release-iphonesimulator -F /tmp/tacklebox-six-features-20260909/derived/Build/Products/Release-iphonesimulator -c -num-threads 12 -Xcc -ivfsstatcache -Xcc /tmp/tacklebox-six-features-20260909/derived/SDKStatCaches.noindex/iphonesimulator26.5-23F81a-6cfe768891a92b912361537c460fe42b.sdkstatcache -output-file-map /tmp/tacklebox-six-features-20260909/derived/Build/Intermediates.noindex/Tacklebox.build/Release-iphonesimulator/TackleboxWidget.build/Objects-normal/x86_64/TackleboxWidget-OutputFileMap.json -use-frontend-parseable-output -save-temps -no-color-diagnostics -explicit-module-build -module-cache-path /tmp/tacklebox-six-features-20260909/derived/Build/Intermediates.noindex/SwiftExplicitPrecompiledModules -clang-scanner-module-cache-path /tmp/tacklebox-six-features-20260909/derived/ModuleCache.noindex -sdk-module-cache-path /tmp/tacklebox-six-features-20260909/derived/ModuleCache.noindex -serialize-diagnostics -emit-dependencies -emit-module -emit-module-path /tmp/tacklebox-six-features-20260909/derived/Build/Intermediates.noindex/Tacklebox.build/Release-iphonesimulator/TackleboxWidget.build/Objects-normal/x86_64/TackleboxWidget.swiftmodule -validate-clang-modules-once -clang-build-session-file /tmp/tacklebox-six-features-20260909/derived/ModuleCache.noindex/Session.modulevalidation -Xcc -I/tmp/tacklebox-six-features-20260909/derived/Build/Intermediates.noindex/Tacklebox.build/Release-iphonesimulator/TackleboxWidget.build/swift-overrides.hmap -emit-const-values -Xfrontend -const-gather-protocols-file -Xfrontend /tmp/tacklebox-six-features-20260909/derived/Build/Intermediates.noindex/Tacklebox.build/Release-iphonesimulator/TackleboxWidget.build/Objects-normal/x86_64/TackleboxWidget_const_extract_protocols.json -Xcc -iquote -Xcc /tmp/tacklebox-six-features-20260909/derived/Build/Intermediates.noindex/Tacklebox.build/Release-iphonesimulator/TackleboxWidget.build/TackleboxWidget-generated-files.hmap -Xcc -I/tmp/tacklebox-six-features-20260909/derived/Build/Intermediates.noindex/Tacklebox.build/Release-iphonesimulator/TackleboxWidget.build/TackleboxWidget-own-target-headers.hmap -Xcc -I/tmp/tacklebox-six-features-20260909/derived/Build/Intermediates.noindex/Tacklebox.build/Release-iphonesimulator/TackleboxWidget.build/TackleboxWidget-all-target-headers.hmap -Xcc -iquote -Xcc /tmp/tacklebox-six-features-20260909/derived/Build/Intermediates.noindex/Tacklebox.build/Release-iphonesimulator/TackleboxWidget.build/TackleboxWidget-project-headers.hmap -Xcc -I/tmp/tacklebox-six-features-20260909/derived/Build/Products/Release-iphonesimulator/include -Xcc -I/tmp/tacklebox-six-features-20260909/derived/Build/Intermediates.noindex/Tacklebox.build/Release-iphonesimulator/TackleboxWidget.build/DerivedSources-normal/x86_64 -Xcc -I/tmp/tacklebox-six-features-20260909/derived/Build/Intermediates.noindex/Tacklebox.build/Release-iphonesimulator/TackleboxWidget.build/DerivedSources/x86_64 -Xcc -I/tmp/tacklebox-six-features-20260909/derived/Build/Intermediates.noindex/Tacklebox.build/Release-iphonesimulator/TackleboxWidget.build/DerivedSources -emit-objc-header -emit-objc-header-path /tmp/tacklebox-six-features-20260909/derived/Build/Intermediates.noindex/Tacklebox.build/Release-iphonesimulator/TackleboxWidget.build/Objects-normal/x86_64/TackleboxWidget-Swift.h -working-directory /Volumes/working\ /recovery-2026-08-27/tacklebox-ios -no-emit-module-separately-wmo

Copy /tmp/tacklebox-six-features-20260909/derived/Build/Products/Release-iphonesimulator/TackleboxWidget.swiftmodule/x86_64-apple-ios-simulator.abi.json /tmp/tacklebox-six-features-20260909/derived/Build/Intermediates.noindex/Tacklebox.build/Release-iphonesimulator/TackleboxWidget.build/Objects-normal/x86_64/TackleboxWidget.abi.json (in target 'TackleboxWidget' from project 'Tacklebox')
    cd /Volumes/working\ /recovery-2026-08-27/tacklebox-ios
    builtin-copy -exclude .DS_Store -exclude CVS -exclude .svn -exclude .git -exclude .hg -resolve-src-symlinks -rename /tmp/tacklebox-six-features-20260909/derived/Build/Intermediates.noindex/Tacklebox.build/Release-iphonesimulator/TackleboxWidget.build/Objects-normal/x86_64/TackleboxWidget.abi.json /tmp/tacklebox-six-features-20260909/derived/Build/Products/Release-iphonesimulator/TackleboxWidget.swiftmodule/x86_64-apple-ios-simulator.abi.json

Copy /tmp/tacklebox-six-features-20260909/derived/Build/Products/Release-iphonesimulator/TackleboxWidget.swiftmodule/x86_64-apple-ios-simulator.swiftmodule /tmp/tacklebox-six-features-20260909/derived/Build/Intermediates.noindex/Tacklebox.build/Release-iphonesimulator/TackleboxWidget.build/Objects-normal/x86_64/TackleboxWidget.swiftmodule (in target 'TackleboxWidget' from project 'Tacklebox')
    cd /Volumes/working\ /recovery-2026-08-27/tacklebox-ios
    builtin-copy -exclude .DS_Store -exclude CVS -exclude .svn -exclude .git -exclude .hg -resolve-src-symlinks -rename /tmp/tacklebox-six-features-20260909/derived/Build/Intermediates.noindex/Tacklebox.build/Release-iphonesimulator/TackleboxWidget.build/Objects-normal/x86_64/TackleboxWidget.swiftmodule /tmp/tacklebox-six-features-20260909/derived/Build/Products/Release-iphonesimulator/TackleboxWidget.swiftmodule/x86_64-apple-ios-simulator.swiftmodule

Copy /tmp/tacklebox-six-features-20260909/derived/Build/Products/Release-iphonesimulator/TackleboxWidget.swiftmodule/x86_64-apple-ios-simulator.swiftdoc /tmp/tacklebox-six-features-20260909/derived/Build/Intermediates.noindex/Tacklebox.build/Release-iphonesimulator/TackleboxWidget.build/Objects-normal/x86_64/TackleboxWidget.swiftdoc (in target 'TackleboxWidget' from project 'Tacklebox')
    cd /Volumes/working\ /recovery-2026-08-27/tacklebox-ios
    builtin-copy -exclude .DS_Store -exclude CVS -exclude .svn -exclude .git -exclude .hg -resolve-src-symlinks -rename /tmp/tacklebox-six-features-20260909/derived/Build/Intermediates.noindex/Tacklebox.build/Release-iphonesimulator/TackleboxWidget.build/Objects-normal/x86_64/TackleboxWidget.swiftdoc /tmp/tacklebox-six-features-20260909/derived/Build/Products/Release-iphonesimulator/TackleboxWidget.swiftmodule/x86_64-apple-ios-simulator.swiftdoc

Copy /tmp/tacklebox-six-features-20260909/derived/Build/Products/Release-iphonesimulator/TackleboxWidget.swiftmodule/Project/x86_64-apple-ios-simulator.swiftsourceinfo /tmp/tacklebox-six-features-20260909/derived/Build/Intermediates.noindex/Tacklebox.build/Release-iphonesimulator/TackleboxWidget.build/Objects-normal/x86_64/TackleboxWidget.swiftsourceinfo (in target 'TackleboxWidget' from project 'Tacklebox')
    cd /Volumes/working\ /recovery-2026-08-27/tacklebox-ios
    builtin-copy -exclude .DS_Store -exclude CVS -exclude .svn -exclude .git -exclude .hg -resolve-src-symlinks -rename /tmp/tacklebox-six-features-20260909/derived/Build/Intermediates.noindex/Tacklebox.build/Release-iphonesimulator/TackleboxWidget.build/Objects-normal/x86_64/TackleboxWidget.swiftsourceinfo /tmp/tacklebox-six-features-20260909/derived/Build/Products/Release-iphonesimulator/TackleboxWidget.swiftmodule/Project/x86_64-apple-ios-simulator.swiftsourceinfo

SwiftDriverJobDiscovery normal arm64 Compiling BiteWindowWidget.swift, SessionActivityAttributes.swift, SessionLiveActivity.swift, SolunarPlaceStore.swift, SolunarService.swift, Theme.swift (in target 'TackleboxWidget' from project 'Tacklebox')

SwiftDriver\ Compilation\ Requirements TackleboxWidget normal arm64 com.apple.xcode.tools.swift.compiler (in target 'TackleboxWidget' from project 'Tacklebox')
    cd /Volumes/working\ /recovery-2026-08-27/tacklebox-ios
    builtin-Swift-Compilation-Requirements -- /Applications/Xcode.app/Contents/Developer/Toolchains/XcodeDefault.xctoolchain/usr/bin/swiftc -module-name TackleboxWidget -O -whole-module-optimization @/tmp/tacklebox-six-features-20260909/derived/Build/Intermediates.noindex/Tacklebox.build/Release-iphonesimulator/TackleboxWidget.build/Objects-normal/arm64/TackleboxWidget.SwiftFileList -enable-bare-slash-regex -enable-experimental-feature DebugDescriptionMacro -sdk /Applications/Xcode.app/Contents/Developer/Platforms/iPhoneSimulator.platform/Developer/SDKs/iPhoneSimulator26.5.sdk -target arm64-apple-ios17.0-simulator -g -module-cache-path /tmp/tacklebox-six-features-20260909/derived/ModuleCache.noindex -Xfrontend -serialize-debugging-options -application-extension -swift-version 5 -I /tmp/tacklebox-six-features-20260909/derived/Build/Products/Release-iphonesimulator -F /tmp/tacklebox-six-features-20260909/derived/Build/Products/Release-iphonesimulator -c -num-threads 12 -Xcc -ivfsstatcache -Xcc /tmp/tacklebox-six-features-20260909/derived/SDKStatCaches.noindex/iphonesimulator26.5-23F81a-6cfe768891a92b912361537c460fe42b.sdkstatcache -output-file-map /tmp/tacklebox-six-features-20260909/derived/Build/Intermediates.noindex/Tacklebox.build/Release-iphonesimulator/TackleboxWidget.build/Objects-normal/arm64/TackleboxWidget-OutputFileMap.json -use-frontend-parseable-output -save-temps -no-color-diagnostics -explicit-module-build -module-cache-path /tmp/tacklebox-six-features-20260909/derived/Build/Intermediates.noindex/SwiftExplicitPrecompiledModules -clang-scanner-module-cache-path /tmp/tacklebox-six-features-20260909/derived/ModuleCache.noindex -sdk-module-cache-path /tmp/tacklebox-six-features-20260909/derived/ModuleCache.noindex -serialize-diagnostics -emit-dependencies -emit-module -emit-module-path /tmp/tacklebox-six-features-20260909/derived/Build/Intermediates.noindex/Tacklebox.build/Release-iphonesimulator/TackleboxWidget.build/Objects-normal/arm64/TackleboxWidget.swiftmodule -validate-clang-modules-once -clang-build-session-file /tmp/tacklebox-six-features-20260909/derived/ModuleCache.noindex/Session.modulevalidation -Xcc -I/tmp/tacklebox-six-features-20260909/derived/Build/Intermediates.noindex/Tacklebox.build/Release-iphonesimulator/TackleboxWidget.build/swift-overrides.hmap -emit-const-values -Xfrontend -const-gather-protocols-file -Xfrontend /tmp/tacklebox-six-features-20260909/derived/Build/Intermediates.noindex/Tacklebox.build/Release-iphonesimulator/TackleboxWidget.build/Objects-normal/arm64/TackleboxWidget_const_extract_protocols.json -Xcc -iquote -Xcc /tmp/tacklebox-six-features-20260909/derived/Build/Intermediates.noindex/Tacklebox.build/Release-iphonesimulator/TackleboxWidget.build/TackleboxWidget-generated-files.hmap -Xcc -I/tmp/tacklebox-six-features-20260909/derived/Build/Intermediates.noindex/Tacklebox.build/Release-iphonesimulator/TackleboxWidget.build/TackleboxWidget-own-target-headers.hmap -Xcc -I/tmp/tacklebox-six-features-20260909/derived/Build/Intermediates.noindex/Tacklebox.build/Release-iphonesimulator/TackleboxWidget.build/TackleboxWidget-all-target-headers.hmap -Xcc -iquote -Xcc /tmp/tacklebox-six-features-20260909/derived/Build/Intermediates.noindex/Tacklebox.build/Release-iphonesimulator/TackleboxWidget.build/TackleboxWidget-project-headers.hmap -Xcc -I/tmp/tacklebox-six-features-20260909/derived/Build/Products/Release-iphonesimulator/include -Xcc -I/tmp/tacklebox-six-features-20260909/derived/Build/Intermediates.noindex/Tacklebox.build/Release-iphonesimulator/TackleboxWidget.build/DerivedSources-normal/arm64 -Xcc -I/tmp/tacklebox-six-features-20260909/derived/Build/Intermediates.noindex/Tacklebox.build/Release-iphonesimulator/TackleboxWidget.build/DerivedSources/arm64 -Xcc -I/tmp/tacklebox-six-features-20260909/derived/Build/Intermediates.noindex/Tacklebox.build/Release-iphonesimulator/TackleboxWidget.build/DerivedSources -emit-objc-header -emit-objc-header-path /tmp/tacklebox-six-features-20260909/derived/Build/Intermediates.noindex/Tacklebox.build/Release-iphonesimulator/TackleboxWidget.build/Objects-normal/arm64/TackleboxWidget-Swift.h -working-directory /Volumes/working\ /recovery-2026-08-27/tacklebox-ios -no-emit-module-separately-wmo

Copy /tmp/tacklebox-six-features-20260909/derived/Build/Products/Release-iphonesimulator/TackleboxWidget.swiftmodule/arm64-apple-ios-simulator.swiftdoc /tmp/tacklebox-six-features-20260909/derived/Build/Intermediates.noindex/Tacklebox.build/Release-iphonesimulator/TackleboxWidget.build/Objects-normal/arm64/TackleboxWidget.swiftdoc (in target 'TackleboxWidget' from project 'Tacklebox')
    cd /Volumes/working\ /recovery-2026-08-27/tacklebox-ios
    builtin-copy -exclude .DS_Store -exclude CVS -exclude .svn -exclude .git -exclude .hg -resolve-src-symlinks -rename /tmp/tacklebox-six-features-20260909/derived/Build/Intermediates.noindex/Tacklebox.build/Release-iphonesimulator/TackleboxWidget.build/Objects-normal/arm64/TackleboxWidget.swiftdoc /tmp/tacklebox-six-features-20260909/derived/Build/Products/Release-iphonesimulator/TackleboxWidget.swiftmodule/arm64-apple-ios-simulator.swiftdoc

Copy /tmp/tacklebox-six-features-20260909/derived/Build/Products/Release-iphonesimulator/TackleboxWidget.swiftmodule/Project/arm64-apple-ios-simulator.swiftsourceinfo /tmp/tacklebox-six-features-20260909/derived/Build/Intermediates.noindex/Tacklebox.build/Release-iphonesimulator/TackleboxWidget.build/Objects-normal/arm64/TackleboxWidget.swiftsourceinfo (in target 'TackleboxWidget' from project 'Tacklebox')
    cd /Volumes/working\ /recovery-2026-08-27/tacklebox-ios
    builtin-copy -exclude .DS_Store -exclude CVS -exclude .svn -exclude .git -exclude .hg -resolve-src-symlinks -rename /tmp/tacklebox-six-features-20260909/derived/Build/Intermediates.noindex/Tacklebox.build/Release-iphonesimulator/TackleboxWidget.build/Objects-normal/arm64/TackleboxWidget.swiftsourceinfo /tmp/tacklebox-six-features-20260909/derived/Build/Products/Release-iphonesimulator/TackleboxWidget.swiftmodule/Project/arm64-apple-ios-simulator.swiftsourceinfo

Copy /tmp/tacklebox-six-features-20260909/derived/Build/Products/Release-iphonesimulator/TackleboxWidget.swiftmodule/arm64-apple-ios-simulator.swiftmodule /tmp/tacklebox-six-features-20260909/derived/Build/Intermediates.noindex/Tacklebox.build/Release-iphonesimulator/TackleboxWidget.build/Objects-normal/arm64/TackleboxWidget.swiftmodule (in target 'TackleboxWidget' from project 'Tacklebox')
    cd /Volumes/working\ /recovery-2026-08-27/tacklebox-ios
    builtin-copy -exclude .DS_Store -exclude CVS -exclude .svn -exclude .git -exclude .hg -resolve-src-symlinks -rename /tmp/tacklebox-six-features-20260909/derived/Build/Intermediates.noindex/Tacklebox.build/Release-iphonesimulator/TackleboxWidget.build/Objects-normal/arm64/TackleboxWidget.swiftmodule /tmp/tacklebox-six-features-20260909/derived/Build/Products/Release-iphonesimulator/TackleboxWidget.swiftmodule/arm64-apple-ios-simulator.swiftmodule

Copy /tmp/tacklebox-six-features-20260909/derived/Build/Products/Release-iphonesimulator/TackleboxWidget.swiftmodule/arm64-apple-ios-simulator.abi.json /tmp/tacklebox-six-features-20260909/derived/Build/Intermediates.noindex/Tacklebox.build/Release-iphonesimulator/TackleboxWidget.build/Objects-normal/arm64/TackleboxWidget.abi.json (in target 'TackleboxWidget' from project 'Tacklebox')
    cd /Volumes/working\ /recovery-2026-08-27/tacklebox-ios
    builtin-copy -exclude .DS_Store -exclude CVS -exclude .svn -exclude .git -exclude .hg -resolve-src-symlinks -rename /tmp/tacklebox-six-features-20260909/derived/Build/Intermediates.noindex/Tacklebox.build/Release-iphonesimulator/TackleboxWidget.build/Objects-normal/arm64/TackleboxWidget.abi.json /tmp/tacklebox-six-features-20260909/derived/Build/Products/Release-iphonesimulator/TackleboxWidget.swiftmodule/arm64-apple-ios-simulator.abi.json

SwiftMergeGeneratedHeaders /tmp/tacklebox-six-features-20260909/derived/Build/Intermediates.noindex/Tacklebox.build/Release-iphonesimulator/TackleboxWidget.build/DerivedSources/TackleboxWidget-Swift.h /tmp/tacklebox-six-features-20260909/derived/Build/Intermediates.noindex/Tacklebox.build/Release-iphonesimulator/TackleboxWidget.build/Objects-normal/arm64/TackleboxWidget-Swift.h /tmp/tacklebox-six-features-20260909/derived/Build/Intermediates.noindex/Tacklebox.build/Release-iphonesimulator/TackleboxWidget.build/Objects-normal/x86_64/TackleboxWidget-Swift.h (in target 'TackleboxWidget' from project 'Tacklebox')
    cd /Volumes/working\ /recovery-2026-08-27/tacklebox-ios
    builtin-swiftHeaderTool -arch arm64 /tmp/tacklebox-six-features-20260909/derived/Build/Intermediates.noindex/Tacklebox.build/Release-iphonesimulator/TackleboxWidget.build/Objects-normal/arm64/TackleboxWidget-Swift.h -arch x86_64 /tmp/tacklebox-six-features-20260909/derived/Build/Intermediates.noindex/Tacklebox.build/Release-iphonesimulator/TackleboxWidget.build/Objects-normal/x86_64/TackleboxWidget-Swift.h -o /tmp/tacklebox-six-features-20260909/derived/Build/Intermediates.noindex/Tacklebox.build/Release-iphonesimulator/TackleboxWidget.build/DerivedSources/TackleboxWidget-Swift.h

Ld /tmp/tacklebox-six-features-20260909/derived/Build/Intermediates.noindex/Tacklebox.build/Release-iphonesimulator/TackleboxWidget.build/Objects-normal/x86_64/Binary/TackleboxWidget normal x86_64 (in target 'TackleboxWidget' from project 'Tacklebox')
    cd /Volumes/working\ /recovery-2026-08-27/tacklebox-ios
    /Applications/Xcode.app/Contents/Developer/Toolchains/XcodeDefault.xctoolchain/usr/bin/clang -Xlinker -reproducible -target x86_64-apple-ios17.0-simulator -isysroot /Applications/Xcode.app/Contents/Developer/Platforms/iPhoneSimulator.platform/Developer/SDKs/iPhoneSimulator26.5.sdk -Os -L/tmp/tacklebox-six-features-20260909/derived/Build/Intermediates.noindex/EagerLinkingTBDs/Release-iphonesimulator -L/tmp/tacklebox-six-features-20260909/derived/Build/Products/Release-iphonesimulator -F/tmp/tacklebox-six-features-20260909/derived/Build/Intermediates.noindex/EagerLinkingTBDs/Release-iphonesimulator -F/tmp/tacklebox-six-features-20260909/derived/Build/Products/Release-iphonesimulator -filelist /tmp/tacklebox-six-features-20260909/derived/Build/Intermediates.noindex/Tacklebox.build/Release-iphonesimulator/TackleboxWidget.build/Objects-normal/x86_64/TackleboxWidget.LinkFileList -Xlinker -rpath -Xlinker /usr/lib/swift -Xlinker -rpath -Xlinker @executable_path/Frameworks -Xlinker -rpath -Xlinker @executable_path/../../Frameworks -Xlinker -dead_strip -Xlinker -object_path_lto -Xlinker /tmp/tacklebox-six-features-20260909/derived/Build/Intermediates.noindex/Tacklebox.build/Release-iphonesimulator/TackleboxWidget.build/Objects-normal/x86_64/TackleboxWidget_lto.o -Xlinker -objc_abi_version -Xlinker 2 -Xlinker -dependency_info -Xlinker /tmp/tacklebox-six-features-20260909/derived/Build/Intermediates.noindex/Tacklebox.build/Release-iphonesimulator/TackleboxWidget.build/Objects-normal/x86_64/TackleboxWidget_dependency_info.dat -e _NSExtensionMain -fapplication-extension -fobjc-link-runtime -L/Applications/Xcode.app/Contents/Developer/Toolchains/XcodeDefault.xctoolchain/usr/lib/swift/iphonesimulator -L/usr/lib/swift -Xlinker -add_ast_path -Xlinker /tmp/tacklebox-six-features-20260909/derived/Build/Intermediates.noindex/Tacklebox.build/Release-iphonesimulator/TackleboxWidget.build/Objects-normal/x86_64/TackleboxWidget.swiftmodule @/tmp/tacklebox-six-features-20260909/derived/Build/Intermediates.noindex/Tacklebox.build/Release-iphonesimulator/TackleboxWidget.build/Objects-normal/x86_64/TackleboxWidget-linker-args.resp -o /tmp/tacklebox-six-features-20260909/derived/Build/Intermediates.noindex/Tacklebox.build/Release-iphonesimulator/TackleboxWidget.build/Objects-normal/x86_64/Binary/TackleboxWidget

Ld /tmp/tacklebox-six-features-20260909/derived/Build/Intermediates.noindex/Tacklebox.build/Release-iphonesimulator/TackleboxWidget.build/Objects-normal/arm64/Binary/TackleboxWidget normal arm64 (in target 'TackleboxWidget' from project 'Tacklebox')
    cd /Volumes/working\ /recovery-2026-08-27/tacklebox-ios
    /Applications/Xcode.app/Contents/Developer/Toolchains/XcodeDefault.xctoolchain/usr/bin/clang -Xlinker -reproducible -target arm64-apple-ios17.0-simulator -isysroot /Applications/Xcode.app/Contents/Developer/Platforms/iPhoneSimulator.platform/Developer/SDKs/iPhoneSimulator26.5.sdk -Os -L/tmp/tacklebox-six-features-20260909/derived/Build/Intermediates.noindex/EagerLinkingTBDs/Release-iphonesimulator -L/tmp/tacklebox-six-features-20260909/derived/Build/Products/Release-iphonesimulator -F/tmp/tacklebox-six-features-20260909/derived/Build/Intermediates.noindex/EagerLinkingTBDs/Release-iphonesimulator -F/tmp/tacklebox-six-features-20260909/derived/Build/Products/Release-iphonesimulator -filelist /tmp/tacklebox-six-features-20260909/derived/Build/Intermediates.noindex/Tacklebox.build/Release-iphonesimulator/TackleboxWidget.build/Objects-normal/arm64/TackleboxWidget.LinkFileList -Xlinker -rpath -Xlinker /usr/lib/swift -Xlinker -rpath -Xlinker @executable_path/Frameworks -Xlinker -rpath -Xlinker @executable_path/../../Frameworks -Xlinker -dead_strip -Xlinker -object_path_lto -Xlinker /tmp/tacklebox-six-features-20260909/derived/Build/Intermediates.noindex/Tacklebox.build/Release-iphonesimulator/TackleboxWidget.build/Objects-normal/arm64/TackleboxWidget_lto.o -Xlinker -objc_abi_version -Xlinker 2 -Xlinker -dependency_info -Xlinker /tmp/tacklebox-six-features-20260909/derived/Build/Intermediates.noindex/Tacklebox.build/Release-iphonesimulator/TackleboxWidget.build/Objects-normal/arm64/TackleboxWidget_dependency_info.dat -e _NSExtensionMain -fapplication-extension -fobjc-link-runtime -L/Applications/Xcode.app/Contents/Developer/Toolchains/XcodeDefault.xctoolchain/usr/lib/swift/iphonesimulator -L/usr/lib/swift -Xlinker -add_ast_path -Xlinker /tmp/tacklebox-six-features-20260909/derived/Build/Intermediates.noindex/Tacklebox.build/Release-iphonesimulator/TackleboxWidget.build/Objects-normal/arm64/TackleboxWidget.swiftmodule @/tmp/tacklebox-six-features-20260909/derived/Build/Intermediates.noindex/Tacklebox.build/Release-iphonesimulator/TackleboxWidget.build/Objects-normal/arm64/TackleboxWidget-linker-args.resp -o /tmp/tacklebox-six-features-20260909/derived/Build/Intermediates.noindex/Tacklebox.build/Release-iphonesimulator/TackleboxWidget.build/Objects-normal/arm64/Binary/TackleboxWidget

MkDir /tmp/tacklebox-six-features-20260909/derived/Build/Intermediates.noindex/Tacklebox.build/Release-iphonesimulator/Tacklebox.build/assetcatalog_output/thinned (in target 'Tacklebox' from project 'Tacklebox')
    cd /Volumes/working\ /recovery-2026-08-27/tacklebox-ios
    /bin/mkdir -p /tmp/tacklebox-six-features-20260909/derived/Build/Intermediates.noindex/Tacklebox.build/Release-iphonesimulator/Tacklebox.build/assetcatalog_output/thinned

GenerateAssetSymbols /Volumes/working\ /recovery-2026-08-27/tacklebox-ios/Tacklebox/Resources/Assets.xcassets (in target 'Tacklebox' from project 'Tacklebox')
    cd /Volumes/working\ /recovery-2026-08-27/tacklebox-ios
    /Applications/Xcode.app/Contents/Developer/usr/bin/actool /Volumes/working\ /recovery-2026-08-27/tacklebox-ios/Tacklebox/Resources/Assets.xcassets --compile /tmp/tacklebox-six-features-20260909/derived/Build/Products/Release-iphonesimulator/Tacklebox.app --output-format human-readable-text --notices --warnings --export-dependency-info /tmp/tacklebox-six-features-20260909/derived/Build/Intermediates.noindex/Tacklebox.build/Release-iphonesimulator/Tacklebox.build/assetcatalog_dependencies --output-partial-info-plist /tmp/tacklebox-six-features-20260909/derived/Build/Intermediates.noindex/Tacklebox.build/Release-iphonesimulator/Tacklebox.build/assetcatalog_generated_info.plist --app-icon AppIcon --compress-pngs --enable-on-demand-resources YES --development-region en --target-device iphone --minimum-deployment-target 17.0 --platform iphonesimulator --bundle-identifier com.tacklebox.ios --generate-swift-asset-symbols /tmp/tacklebox-six-features-20260909/derived/Build/Intermediates.noindex/Tacklebox.build/Release-iphonesimulator/Tacklebox.build/DerivedSources/GeneratedAssetSymbols.swift --generate-objc-asset-symbols /tmp/tacklebox-six-features-20260909/derived/Build/Intermediates.noindex/Tacklebox.build/Release-iphonesimulator/Tacklebox.build/DerivedSources/GeneratedAssetSymbols.h --generate-asset-symbol-index /tmp/tacklebox-six-features-20260909/derived/Build/Intermediates.noindex/Tacklebox.build/Release-iphonesimulator/Tacklebox.build/DerivedSources/GeneratedAssetSymbols-Index.plist
/* com.apple.actool.compilation-results */
/tmp/tacklebox-six-features-20260909/derived/Build/Intermediates.noindex/Tacklebox.build/Release-iphonesimulator/Tacklebox.build/DerivedSources/GeneratedAssetSymbols-Index.plist
/tmp/tacklebox-six-features-20260909/derived/Build/Intermediates.noindex/Tacklebox.build/Release-iphonesimulator/Tacklebox.build/DerivedSources/GeneratedAssetSymbols.h
/tmp/tacklebox-six-features-20260909/derived/Build/Intermediates.noindex/Tacklebox.build/Release-iphonesimulator/Tacklebox.build/DerivedSources/GeneratedAssetSymbols.swift


MkDir /tmp/tacklebox-six-features-20260909/derived/Build/Intermediates.noindex/Tacklebox.build/Release-iphonesimulator/Tacklebox.build/assetcatalog_output/unthinned (in target 'Tacklebox' from project 'Tacklebox')
    cd /Volumes/working\ /recovery-2026-08-27/tacklebox-ios
    /bin/mkdir -p /tmp/tacklebox-six-features-20260909/derived/Build/Intermediates.noindex/Tacklebox.build/Release-iphonesimulator/Tacklebox.build/assetcatalog_output/unthinned

CompileAssetCatalogVariant thinned /tmp/tacklebox-six-features-20260909/derived/Build/Products/Release-iphonesimulator/Tacklebox.app /Volumes/working\ /recovery-2026-08-27/tacklebox-ios/Tacklebox/Resources/Assets.xcassets (in target 'Tacklebox' from project 'Tacklebox')
    cd /Volumes/working\ /recovery-2026-08-27/tacklebox-ios
    /Applications/Xcode.app/Contents/Developer/usr/bin/actool /Volumes/working\ /recovery-2026-08-27/tacklebox-ios/Tacklebox/Resources/Assets.xcassets --compile /tmp/tacklebox-six-features-20260909/derived/Build/Intermediates.noindex/Tacklebox.build/Release-iphonesimulator/Tacklebox.build/assetcatalog_output/thinned --output-format human-readable-text --notices --warnings --export-dependency-info /tmp/tacklebox-six-features-20260909/derived/Build/Intermediates.noindex/Tacklebox.build/Release-iphonesimulator/Tacklebox.build/assetcatalog_dependencies_thinned --output-partial-info-plist /tmp/tacklebox-six-features-20260909/derived/Build/Intermediates.noindex/Tacklebox.build/Release-iphonesimulator/Tacklebox.build/assetcatalog_generated_info.plist_thinned --app-icon AppIcon --compress-pngs --enable-on-demand-resources YES --development-region en --target-device iphone --minimum-deployment-target 17.0 --platform iphonesimulator
/* com.apple.actool.compilation-results */
/tmp/tacklebox-six-features-20260909/derived/Build/Intermediates.noindex/Tacklebox.build/Release-iphonesimulator/Tacklebox.build/assetcatalog_generated_info.plist_thinned
/tmp/tacklebox-six-features-20260909/derived/Build/Intermediates.noindex/Tacklebox.build/Release-iphonesimulator/Tacklebox.build/assetcatalog_output/thinned/AppIcon60x60@2x.png
/tmp/tacklebox-six-features-20260909/derived/Build/Intermediates.noindex/Tacklebox.build/Release-iphonesimulator/Tacklebox.build/assetcatalog_output/thinned/AppIcon76x76@2x~ipad.png
/tmp/tacklebox-six-features-20260909/derived/Build/Intermediates.noindex/Tacklebox.build/Release-iphonesimulator/Tacklebox.build/assetcatalog_output/thinned/Assets.car


SwiftDriver Tacklebox normal arm64 com.apple.xcode.tools.swift.compiler (in target 'Tacklebox' from project 'Tacklebox')
    cd /Volumes/working\ /recovery-2026-08-27/tacklebox-ios
    builtin-SwiftDriver -- /Applications/Xcode.app/Contents/Developer/Toolchains/XcodeDefault.xctoolchain/usr/bin/swiftc -module-name Tacklebox -O -whole-module-optimization @/tmp/tacklebox-six-features-20260909/derived/Build/Intermediates.noindex/Tacklebox.build/Release-iphonesimulator/Tacklebox.build/Objects-normal/arm64/Tacklebox.SwiftFileList -enable-bare-slash-regex -enable-experimental-feature DebugDescriptionMacro -sdk /Applications/Xcode.app/Contents/Developer/Platforms/iPhoneSimulator.platform/Developer/SDKs/iPhoneSimulator26.5.sdk -target arm64-apple-ios17.0-simulator -g -module-cache-path /tmp/tacklebox-six-features-20260909/derived/ModuleCache.noindex -Xfrontend -serialize-debugging-options -swift-version 5 -I /tmp/tacklebox-six-features-20260909/derived/Build/Products/Release-iphonesimulator -F /tmp/tacklebox-six-features-20260909/derived/Build/Products/Release-iphonesimulator -c -num-threads 12 -Xcc -ivfsstatcache -Xcc /tmp/tacklebox-six-features-20260909/derived/SDKStatCaches.noindex/iphonesimulator26.5-23F81a-6cfe768891a92b912361537c460fe42b.sdkstatcache -output-file-map /tmp/tacklebox-six-features-20260909/derived/Build/Intermediates.noindex/Tacklebox.build/Release-iphonesimulator/Tacklebox.build/Objects-normal/arm64/Tacklebox-OutputFileMap.json -use-frontend-parseable-output -save-temps -no-color-diagnostics -explicit-module-build -module-cache-path /tmp/tacklebox-six-features-20260909/derived/Build/Intermediates.noindex/SwiftExplicitPrecompiledModules -clang-scanner-module-cache-path /tmp/tacklebox-six-features-20260909/derived/ModuleCache.noindex -sdk-module-cache-path /tmp/tacklebox-six-features-20260909/derived/ModuleCache.noindex -serialize-diagnostics -emit-dependencies -emit-module -emit-module-path /tmp/tacklebox-six-features-20260909/derived/Build/Intermediates.noindex/Tacklebox.build/Release-iphonesimulator/Tacklebox.build/Objects-normal/arm64/Tacklebox.swiftmodule -validate-clang-modules-once -clang-build-session-file /tmp/tacklebox-six-features-20260909/derived/ModuleCache.noindex/Session.modulevalidation -Xcc -I/tmp/tacklebox-six-features-20260909/derived/Build/Intermediates.noindex/Tacklebox.build/Release-iphonesimulator/Tacklebox.build/swift-overrides.hmap -emit-const-values -Xfrontend -const-gather-protocols-file -Xfrontend /tmp/tacklebox-six-features-20260909/derived/Build/Intermediates.noindex/Tacklebox.build/Release-iphonesimulator/Tacklebox.build/Objects-normal/arm64/Tacklebox_const_extract_protocols.json -Xcc -iquote -Xcc /tmp/tacklebox-six-features-20260909/derived/Build/Intermediates.noindex/Tacklebox.build/Release-iphonesimulator/Tacklebox.build/Tacklebox-generated-files.hmap -Xcc -I/tmp/tacklebox-six-features-20260909/derived/Build/Intermediates.noindex/Tacklebox.build/Release-iphonesimulator/Tacklebox.build/Tacklebox-own-target-headers.hmap -Xcc -I/tmp/tacklebox-six-features-20260909/derived/Build/Intermediates.noindex/Tacklebox.build/Release-iphonesimulator/Tacklebox.build/Tacklebox-all-target-headers.hmap -Xcc -iquote -Xcc /tmp/tacklebox-six-features-20260909/derived/Build/Intermediates.noindex/Tacklebox.build/Release-iphonesimulator/Tacklebox.build/Tacklebox-project-headers.hmap -Xcc -I/tmp/tacklebox-six-features-20260909/derived/Build/Products/Release-iphonesimulator/include -Xcc -I/tmp/tacklebox-six-features-20260909/derived/Build/Intermediates.noindex/Tacklebox.build/Release-iphonesimulator/Tacklebox.build/DerivedSources-normal/arm64 -Xcc -I/tmp/tacklebox-six-features-20260909/derived/Build/Intermediates.noindex/Tacklebox.build/Release-iphonesimulator/Tacklebox.build/DerivedSources/arm64 -Xcc -I/tmp/tacklebox-six-features-20260909/derived/Build/Intermediates.noindex/Tacklebox.build/Release-iphonesimulator/Tacklebox.build/DerivedSources -emit-objc-header -emit-objc-header-path /tmp/tacklebox-six-features-20260909/derived/Build/Intermediates.noindex/Tacklebox.build/Release-iphonesimulator/Tacklebox.build/Objects-normal/arm64/Tacklebox-Swift.h -working-directory /Volumes/working\ /recovery-2026-08-27/tacklebox-ios -no-emit-module-separately-wmo

SwiftDriver Tacklebox normal x86_64 com.apple.xcode.tools.swift.compiler (in target 'Tacklebox' from project 'Tacklebox')
    cd /Volumes/working\ /recovery-2026-08-27/tacklebox-ios
    builtin-SwiftDriver -- /Applications/Xcode.app/Contents/Developer/Toolchains/XcodeDefault.xctoolchain/usr/bin/swiftc -module-name Tacklebox -O -whole-module-optimization @/tmp/tacklebox-six-features-20260909/derived/Build/Intermediates.noindex/Tacklebox.build/Release-iphonesimulator/Tacklebox.build/Objects-normal/x86_64/Tacklebox.SwiftFileList -enable-bare-slash-regex -enable-experimental-feature DebugDescriptionMacro -sdk /Applications/Xcode.app/Contents/Developer/Platforms/iPhoneSimulator.platform/Developer/SDKs/iPhoneSimulator26.5.sdk -target x86_64-apple-ios17.0-simulator -g -module-cache-path /tmp/tacklebox-six-features-20260909/derived/ModuleCache.noindex -Xfrontend -serialize-debugging-options -swift-version 5 -I /tmp/tacklebox-six-features-20260909/derived/Build/Products/Release-iphonesimulator -F /tmp/tacklebox-six-features-20260909/derived/Build/Products/Release-iphonesimulator -c -num-threads 12 -Xcc -ivfsstatcache -Xcc /tmp/tacklebox-six-features-20260909/derived/SDKStatCaches.noindex/iphonesimulator26.5-23F81a-6cfe768891a92b912361537c460fe42b.sdkstatcache -output-file-map /tmp/tacklebox-six-features-20260909/derived/Build/Intermediates.noindex/Tacklebox.build/Release-iphonesimulator/Tacklebox.build/Objects-normal/x86_64/Tacklebox-OutputFileMap.json -use-frontend-parseable-output -save-temps -no-color-diagnostics -explicit-module-build -module-cache-path /tmp/tacklebox-six-features-20260909/derived/Build/Intermediates.noindex/SwiftExplicitPrecompiledModules -clang-scanner-module-cache-path /tmp/tacklebox-six-features-20260909/derived/ModuleCache.noindex -sdk-module-cache-path /tmp/tacklebox-six-features-20260909/derived/ModuleCache.noindex -serialize-diagnostics -emit-dependencies -emit-module -emit-module-path /tmp/tacklebox-six-features-20260909/derived/Build/Intermediates.noindex/Tacklebox.build/Release-iphonesimulator/Tacklebox.build/Objects-normal/x86_64/Tacklebox.swiftmodule -validate-clang-modules-once -clang-build-session-file /tmp/tacklebox-six-features-20260909/derived/ModuleCache.noindex/Session.modulevalidation -Xcc -I/tmp/tacklebox-six-features-20260909/derived/Build/Intermediates.noindex/Tacklebox.build/Release-iphonesimulator/Tacklebox.build/swift-overrides.hmap -emit-const-values -Xfrontend -const-gather-protocols-file -Xfrontend /tmp/tacklebox-six-features-20260909/derived/Build/Intermediates.noindex/Tacklebox.build/Release-iphonesimulator/Tacklebox.build/Objects-normal/x86_64/Tacklebox_const_extract_protocols.json -Xcc -iquote -Xcc /tmp/tacklebox-six-features-20260909/derived/Build/Intermediates.noindex/Tacklebox.build/Release-iphonesimulator/Tacklebox.build/Tacklebox-generated-files.hmap -Xcc -I/tmp/tacklebox-six-features-20260909/derived/Build/Intermediates.noindex/Tacklebox.build/Release-iphonesimulator/Tacklebox.build/Tacklebox-own-target-headers.hmap -Xcc -I/tmp/tacklebox-six-features-20260909/derived/Build/Intermediates.noindex/Tacklebox.build/Release-iphonesimulator/Tacklebox.build/Tacklebox-all-target-headers.hmap -Xcc -iquote -Xcc /tmp/tacklebox-six-features-20260909/derived/Build/Intermediates.noindex/Tacklebox.build/Release-iphonesimulator/Tacklebox.build/Tacklebox-project-headers.hmap -Xcc -I/tmp/tacklebox-six-features-20260909/derived/Build/Products/Release-iphonesimulator/include -Xcc -I/tmp/tacklebox-six-features-20260909/derived/Build/Intermediates.noindex/Tacklebox.build/Release-iphonesimulator/Tacklebox.build/DerivedSources-normal/x86_64 -Xcc -I/tmp/tacklebox-six-features-20260909/derived/Build/Intermediates.noindex/Tacklebox.build/Release-iphonesimulator/Tacklebox.build/DerivedSources/x86_64 -Xcc -I/tmp/tacklebox-six-features-20260909/derived/Build/Intermediates.noindex/Tacklebox.build/Release-iphonesimulator/Tacklebox.build/DerivedSources -emit-objc-header -emit-objc-header-path /tmp/tacklebox-six-features-20260909/derived/Build/Intermediates.noindex/Tacklebox.build/Release-iphonesimulator/Tacklebox.build/Objects-normal/x86_64/Tacklebox-Swift.h -working-directory /Volumes/working\ /recovery-2026-08-27/tacklebox-ios -no-emit-module-separately-wmo

CreateUniversalBinary /tmp/tacklebox-six-features-20260909/derived/Build/Products/Release-iphonesimulator/TackleboxWidget.appex/TackleboxWidget normal arm64\ x86_64 (in target 'TackleboxWidget' from project 'Tacklebox')
    cd /Volumes/working\ /recovery-2026-08-27/tacklebox-ios
    /Applications/Xcode.app/Contents/Developer/Toolchains/XcodeDefault.xctoolchain/usr/bin/lipo -create /tmp/tacklebox-six-features-20260909/derived/Build/Intermediates.noindex/Tacklebox.build/Release-iphonesimulator/TackleboxWidget.build/Objects-normal/arm64/Binary/TackleboxWidget /tmp/tacklebox-six-features-20260909/derived/Build/Intermediates.noindex/Tacklebox.build/Release-iphonesimulator/TackleboxWidget.build/Objects-normal/x86_64/Binary/TackleboxWidget -output /tmp/tacklebox-six-features-20260909/derived/Build/Products/Release-iphonesimulator/TackleboxWidget.appex/TackleboxWidget

ExtractAppIntentsMetadata (in target 'TackleboxWidget' from project 'Tacklebox')
    cd /Volumes/working\ /recovery-2026-08-27/tacklebox-ios
    /Applications/Xcode.app/Contents/Developer/Toolchains/XcodeDefault.xctoolchain/usr/bin/appintentsmetadataprocessor --toolchain-dir /Applications/Xcode.app/Contents/Developer/Toolchains/XcodeDefault.xctoolchain --module-name TackleboxWidget --sdk-root /Applications/Xcode.app/Contents/Developer/Platforms/iPhoneSimulator.platform/Developer/SDKs/iPhoneSimulator26.5.sdk --xcode-version 17F113 --platform-family iOS --deployment-target 17.0 --bundle-identifier com.tacklebox.ios.widget --output /tmp/tacklebox-six-features-20260909/derived/Build/Products/Release-iphonesimulator/TackleboxWidget.appex --target-triple arm64-apple-ios17.0-simulator --target-triple x86_64-apple-ios17.0-simulator --binary-file /tmp/tacklebox-six-features-20260909/derived/Build/Products/Release-iphonesimulator/TackleboxWidget.appex/TackleboxWidget --dependency-file /tmp/tacklebox-six-features-20260909/derived/Build/Intermediates.noindex/Tacklebox.build/Release-iphonesimulator/TackleboxWidget.build/Objects-normal/arm64/TackleboxWidget_dependency_info.dat --dependency-file /tmp/tacklebox-six-features-20260909/derived/Build/Intermediates.noindex/Tacklebox.build/Release-iphonesimulator/TackleboxWidget.build/Objects-normal/x86_64/TackleboxWidget_dependency_info.dat --stringsdata-file /tmp/tacklebox-six-features-20260909/derived/Build/Intermediates.noindex/Tacklebox.build/Release-iphonesimulator/TackleboxWidget.build/Objects-normal/arm64/ExtractedAppShortcutsMetadata.stringsdata --stringsdata-file /tmp/tacklebox-six-features-20260909/derived/Build/Intermediates.noindex/Tacklebox.build/Release-iphonesimulator/TackleboxWidget.build/Objects-normal/x86_64/ExtractedAppShortcutsMetadata.stringsdata --source-file-list /tmp/tacklebox-six-features-20260909/derived/Build/Intermediates.noindex/Tacklebox.build/Release-iphonesimulator/TackleboxWidget.build/Objects-normal/arm64/TackleboxWidget.SwiftFileList --source-file-list /tmp/tacklebox-six-features-20260909/derived/Build/Intermediates.noindex/Tacklebox.build/Release-iphonesimulator/TackleboxWidget.build/Objects-normal/x86_64/TackleboxWidget.SwiftFileList --metadata-file-list /tmp/tacklebox-six-features-20260909/derived/Build/Intermediates.noindex/Tacklebox.build/Release-iphonesimulator/TackleboxWidget.build/TackleboxWidget.DependencyMetadataFileList --static-metadata-file-list /tmp/tacklebox-six-features-20260909/derived/Build/Intermediates.noindex/Tacklebox.build/Release-iphonesimulator/TackleboxWidget.build/TackleboxWidget.DependencyStaticMetadataFileList --swift-const-vals-list /tmp/tacklebox-six-features-20260909/derived/Build/Intermediates.noindex/Tacklebox.build/Release-iphonesimulator/TackleboxWidget.build/Objects-normal/arm64/TackleboxWidget.SwiftConstValuesFileList --swift-const-vals-list /tmp/tacklebox-six-features-20260909/derived/Build/Intermediates.noindex/Tacklebox.build/Release-iphonesimulator/TackleboxWidget.build/Objects-normal/x86_64/TackleboxWidget.SwiftConstValuesFileList --compile-time-extraction --deployment-aware-processing --validate-assistant-intents --no-app-shortcuts-localization
2026-09-09 12:44:39.378 appintentsmetadataprocessor[88297:81193033] Starting appintentsmetadataprocessor export
2026-09-09 12:44:39.462 appintentsmetadataprocessor[88297:81193033] Extracted no relevant App Intents symbols, skipping writing output

GenerateDSYMFile /tmp/tacklebox-six-features-20260909/derived/Build/Products/Release-iphonesimulator/TackleboxWidget.appex.dSYM /tmp/tacklebox-six-features-20260909/derived/Build/Products/Release-iphonesimulator/TackleboxWidget.appex/TackleboxWidget (in target 'TackleboxWidget' from project 'Tacklebox')
    cd /Volumes/working\ /recovery-2026-08-27/tacklebox-ios
    /Applications/Xcode.app/Contents/Developer/Toolchains/XcodeDefault.xctoolchain/usr/bin/dsymutil /tmp/tacklebox-six-features-20260909/derived/Build/Products/Release-iphonesimulator/TackleboxWidget.appex/TackleboxWidget -o /tmp/tacklebox-six-features-20260909/derived/Build/Products/Release-iphonesimulator/TackleboxWidget.appex.dSYM

AppIntentsSSUTraining (in target 'TackleboxWidget' from project 'Tacklebox')
    cd /Volumes/working\ /recovery-2026-08-27/tacklebox-ios
    /Applications/Xcode.app/Contents/Developer/Toolchains/XcodeDefault.xctoolchain/usr/bin/appintentsnltrainingprocessor --infoplist-path /tmp/tacklebox-six-features-20260909/derived/Build/Products/Release-iphonesimulator/TackleboxWidget.appex/Info.plist --temp-dir-path /tmp/tacklebox-six-features-20260909/derived/Build/Intermediates.noindex/Tacklebox.build/Release-iphonesimulator/TackleboxWidget.build/ssu --bundle-id com.tacklebox.ios.widget --product-path /tmp/tacklebox-six-features-20260909/derived/Build/Products/Release-iphonesimulator/TackleboxWidget.appex --extracted-metadata-path /tmp/tacklebox-six-features-20260909/derived/Build/Products/Release-iphonesimulator/TackleboxWidget.appex/Metadata.appintents --metadata-file-list /tmp/tacklebox-six-features-20260909/derived/Build/Intermediates.noindex/Tacklebox.build/Release-iphonesimulator/TackleboxWidget.build/TackleboxWidget.DependencyMetadataFileList --source-file /tmp/tacklebox-six-features-20260909/derived/Build/Products/Release-iphonesimulator/TackleboxWidget.appex/Info.plist --archive-ssu-assets
2026-09-09 12:44:39.541 appintentsnltrainingprocessor[88300:81193128] Parsing options for appintentsnltrainingprocessor
2026-09-09 12:44:39.543 appintentsnltrainingprocessor[88300:81193128] Starting AppIntents SSU YAML Generation
2026-09-09 12:44:39.546 appintentsnltrainingprocessor[88300:81193128] No AppShortcuts found - Skipping.

RegisterExecutionPolicyException /tmp/tacklebox-six-features-20260909/derived/Build/Products/Release-iphonesimulator/TackleboxWidget.appex (in target 'TackleboxWidget' from project 'Tacklebox')
    cd /Volumes/working\ /recovery-2026-08-27/tacklebox-ios
    builtin-RegisterExecutionPolicyException /tmp/tacklebox-six-features-20260909/derived/Build/Products/Release-iphonesimulator/TackleboxWidget.appex

Touch /tmp/tacklebox-six-features-20260909/derived/Build/Products/Release-iphonesimulator/TackleboxWidget.appex (in target 'TackleboxWidget' from project 'Tacklebox')
    cd /Volumes/working\ /recovery-2026-08-27/tacklebox-ios
    /usr/bin/touch -c /tmp/tacklebox-six-features-20260909/derived/Build/Products/Release-iphonesimulator/TackleboxWidget.appex

CpResource /tmp/tacklebox-six-features-20260909/derived/Build/Products/Release-iphonesimulator/Tacklebox.app/figtree-OFL.txt /Volumes/working\ /recovery-2026-08-27/tacklebox-ios/Tacklebox/Resources/Fonts/figtree-OFL.txt (in target 'Tacklebox' from project 'Tacklebox')
    cd /Volumes/working\ /recovery-2026-08-27/tacklebox-ios
    builtin-copy -exclude .DS_Store -exclude CVS -exclude .svn -exclude .git -exclude .hg -resolve-src-symlinks /Volumes/working\ /recovery-2026-08-27/tacklebox-ios/Tacklebox/Resources/Fonts/figtree-OFL.txt /tmp/tacklebox-six-features-20260909/derived/Build/Products/Release-iphonesimulator/Tacklebox.app

CpResource /tmp/tacklebox-six-features-20260909/derived/Build/Products/Release-iphonesimulator/Tacklebox.app/Spectral-SemiBold.ttf /Volumes/working\ /recovery-2026-08-27/tacklebox-ios/Tacklebox/Resources/Fonts/Spectral-SemiBold.ttf (in target 'Tacklebox' from project 'Tacklebox')
    cd /Volumes/working\ /recovery-2026-08-27/tacklebox-ios
    builtin-copy -exclude .DS_Store -exclude CVS -exclude .svn -exclude .git -exclude .hg -resolve-src-symlinks /Volumes/working\ /recovery-2026-08-27/tacklebox-ios/Tacklebox/Resources/Fonts/Spectral-SemiBold.ttf /tmp/tacklebox-six-features-20260909/derived/Build/Products/Release-iphonesimulator/Tacklebox.app

CpResource /tmp/tacklebox-six-features-20260909/derived/Build/Products/Release-iphonesimulator/Tacklebox.app/Spectral-Medium.ttf /Volumes/working\ /recovery-2026-08-27/tacklebox-ios/Tacklebox/Resources/Fonts/Spectral-Medium.ttf (in target 'Tacklebox' from project 'Tacklebox')
    cd /Volumes/working\ /recovery-2026-08-27/tacklebox-ios
    builtin-copy -exclude .DS_Store -exclude CVS -exclude .svn -exclude .git -exclude .hg -resolve-src-symlinks /Volumes/working\ /recovery-2026-08-27/tacklebox-ios/Tacklebox/Resources/Fonts/Spectral-Medium.ttf /tmp/tacklebox-six-features-20260909/derived/Build/Products/Release-iphonesimulator/Tacklebox.app

CpResource /tmp/tacklebox-six-features-20260909/derived/Build/Products/Release-iphonesimulator/Tacklebox.app/Spectral-Regular.ttf /Volumes/working\ /recovery-2026-08-27/tacklebox-ios/Tacklebox/Resources/Fonts/Spectral-Regular.ttf (in target 'Tacklebox' from project 'Tacklebox')
    cd /Volumes/working\ /recovery-2026-08-27/tacklebox-ios
    builtin-copy -exclude .DS_Store -exclude CVS -exclude .svn -exclude .git -exclude .hg -resolve-src-symlinks /Volumes/working\ /recovery-2026-08-27/tacklebox-ios/Tacklebox/Resources/Fonts/Spectral-Regular.ttf /tmp/tacklebox-six-features-20260909/derived/Build/Products/Release-iphonesimulator/Tacklebox.app

CpResource /tmp/tacklebox-six-features-20260909/derived/Build/Products/Release-iphonesimulator/Tacklebox.app/Spectral-Bold.ttf /Volumes/working\ /recovery-2026-08-27/tacklebox-ios/Tacklebox/Resources/Fonts/Spectral-Bold.ttf (in target 'Tacklebox' from project 'Tacklebox')
    cd /Volumes/working\ /recovery-2026-08-27/tacklebox-ios
    builtin-copy -exclude .DS_Store -exclude CVS -exclude .svn -exclude .git -exclude .hg -resolve-src-symlinks /Volumes/working\ /recovery-2026-08-27/tacklebox-ios/Tacklebox/Resources/Fonts/Spectral-Bold.ttf /tmp/tacklebox-six-features-20260909/derived/Build/Products/Release-iphonesimulator/Tacklebox.app

CpResource /tmp/tacklebox-six-features-20260909/derived/Build/Products/Release-iphonesimulator/Tacklebox.app/Figtree-SemiBold.ttf /Volumes/working\ /recovery-2026-08-27/tacklebox-ios/Tacklebox/Resources/Fonts/Figtree-SemiBold.ttf (in target 'Tacklebox' from project 'Tacklebox')
    cd /Volumes/working\ /recovery-2026-08-27/tacklebox-ios
    builtin-copy -exclude .DS_Store -exclude CVS -exclude .svn -exclude .git -exclude .hg -resolve-src-symlinks /Volumes/working\ /recovery-2026-08-27/tacklebox-ios/Tacklebox/Resources/Fonts/Figtree-SemiBold.ttf /tmp/tacklebox-six-features-20260909/derived/Build/Products/Release-iphonesimulator/Tacklebox.app

CpResource /tmp/tacklebox-six-features-20260909/derived/Build/Products/Release-iphonesimulator/Tacklebox.app/PrivacyInfo.xcprivacy /Volumes/working\ /recovery-2026-08-27/tacklebox-ios/Tacklebox/PrivacyInfo.xcprivacy (in target 'Tacklebox' from project 'Tacklebox')
    cd /Volumes/working\ /recovery-2026-08-27/tacklebox-ios
    builtin-copy -exclude .DS_Store -exclude CVS -exclude .svn -exclude .git -exclude .hg -resolve-src-symlinks /Volumes/working\ /recovery-2026-08-27/tacklebox-ios/Tacklebox/PrivacyInfo.xcprivacy /tmp/tacklebox-six-features-20260909/derived/Build/Products/Release-iphonesimulator/Tacklebox.app

CpResource /tmp/tacklebox-six-features-20260909/derived/Build/Products/Release-iphonesimulator/Tacklebox.app/Figtree-Regular.ttf /Volumes/working\ /recovery-2026-08-27/tacklebox-ios/Tacklebox/Resources/Fonts/Figtree-Regular.ttf (in target 'Tacklebox' from project 'Tacklebox')
    cd /Volumes/working\ /recovery-2026-08-27/tacklebox-ios
    builtin-copy -exclude .DS_Store -exclude CVS -exclude .svn -exclude .git -exclude .hg -resolve-src-symlinks /Volumes/working\ /recovery-2026-08-27/tacklebox-ios/Tacklebox/Resources/Fonts/Figtree-Regular.ttf /tmp/tacklebox-six-features-20260909/derived/Build/Products/Release-iphonesimulator/Tacklebox.app

CpResource /tmp/tacklebox-six-features-20260909/derived/Build/Products/Release-iphonesimulator/Tacklebox.app/spectral-OFL.txt /Volumes/working\ /recovery-2026-08-27/tacklebox-ios/Tacklebox/Resources/Fonts/spectral-OFL.txt (in target 'Tacklebox' from project 'Tacklebox')
    cd /Volumes/working\ /recovery-2026-08-27/tacklebox-ios
    builtin-copy -exclude .DS_Store -exclude CVS -exclude .svn -exclude .git -exclude .hg -resolve-src-symlinks /Volumes/working\ /recovery-2026-08-27/tacklebox-ios/Tacklebox/Resources/Fonts/spectral-OFL.txt /tmp/tacklebox-six-features-20260909/derived/Build/Products/Release-iphonesimulator/Tacklebox.app

CpResource /tmp/tacklebox-six-features-20260909/derived/Build/Products/Release-iphonesimulator/Tacklebox.app/Figtree-Medium.ttf /Volumes/working\ /recovery-2026-08-27/tacklebox-ios/Tacklebox/Resources/Fonts/Figtree-Medium.ttf (in target 'Tacklebox' from project 'Tacklebox')
    cd /Volumes/working\ /recovery-2026-08-27/tacklebox-ios
    builtin-copy -exclude .DS_Store -exclude CVS -exclude .svn -exclude .git -exclude .hg -resolve-src-symlinks /Volumes/working\ /recovery-2026-08-27/tacklebox-ios/Tacklebox/Resources/Fonts/Figtree-Medium.ttf /tmp/tacklebox-six-features-20260909/derived/Build/Products/Release-iphonesimulator/Tacklebox.app

CpResource /tmp/tacklebox-six-features-20260909/derived/Build/Products/Release-iphonesimulator/Tacklebox.app/Figtree-Bold.ttf /Volumes/working\ /recovery-2026-08-27/tacklebox-ios/Tacklebox/Resources/Fonts/Figtree-Bold.ttf (in target 'Tacklebox' from project 'Tacklebox')
    cd /Volumes/working\ /recovery-2026-08-27/tacklebox-ios
    builtin-copy -exclude .DS_Store -exclude CVS -exclude .svn -exclude .git -exclude .hg -resolve-src-symlinks /Volumes/working\ /recovery-2026-08-27/tacklebox-ios/Tacklebox/Resources/Fonts/Figtree-Bold.ttf /tmp/tacklebox-six-features-20260909/derived/Build/Products/Release-iphonesimulator/Tacklebox.app

SwiftDriver\ Compilation Tacklebox normal x86_64 com.apple.xcode.tools.swift.compiler (in target 'Tacklebox' from project 'Tacklebox')
    cd /Volumes/working\ /recovery-2026-08-27/tacklebox-ios
    builtin-Swift-Compilation -- /Applications/Xcode.app/Contents/Developer/Toolchains/XcodeDefault.xctoolchain/usr/bin/swiftc -module-name Tacklebox -O -whole-module-optimization @/tmp/tacklebox-six-features-20260909/derived/Build/Intermediates.noindex/Tacklebox.build/Release-iphonesimulator/Tacklebox.build/Objects-normal/x86_64/Tacklebox.SwiftFileList -enable-bare-slash-regex -enable-experimental-feature DebugDescriptionMacro -sdk /Applications/Xcode.app/Contents/Developer/Platforms/iPhoneSimulator.platform/Developer/SDKs/iPhoneSimulator26.5.sdk -target x86_64-apple-ios17.0-simulator -g -module-cache-path /tmp/tacklebox-six-features-20260909/derived/ModuleCache.noindex -Xfrontend -serialize-debugging-options -swift-version 5 -I /tmp/tacklebox-six-features-20260909/derived/Build/Products/Release-iphonesimulator -F /tmp/tacklebox-six-features-20260909/derived/Build/Products/Release-iphonesimulator -c -num-threads 12 -Xcc -ivfsstatcache -Xcc /tmp/tacklebox-six-features-20260909/derived/SDKStatCaches.noindex/iphonesimulator26.5-23F81a-6cfe768891a92b912361537c460fe42b.sdkstatcache -output-file-map /tmp/tacklebox-six-features-20260909/derived/Build/Intermediates.noindex/Tacklebox.build/Release-iphonesimulator/Tacklebox.build/Objects-normal/x86_64/Tacklebox-OutputFileMap.json -use-frontend-parseable-output -save-temps -no-color-diagnostics -explicit-module-build -module-cache-path /tmp/tacklebox-six-features-20260909/derived/Build/Intermediates.noindex/SwiftExplicitPrecompiledModules -clang-scanner-module-cache-path /tmp/tacklebox-six-features-20260909/derived/ModuleCache.noindex -sdk-module-cache-path /tmp/tacklebox-six-features-20260909/derived/ModuleCache.noindex -serialize-diagnostics -emit-dependencies -emit-module -emit-module-path /tmp/tacklebox-six-features-20260909/derived/Build/Intermediates.noindex/Tacklebox.build/Release-iphonesimulator/Tacklebox.build/Objects-normal/x86_64/Tacklebox.swiftmodule -validate-clang-modules-once -clang-build-session-file /tmp/tacklebox-six-features-20260909/derived/ModuleCache.noindex/Session.modulevalidation -Xcc -I/tmp/tacklebox-six-features-20260909/derived/Build/Intermediates.noindex/Tacklebox.build/Release-iphonesimulator/Tacklebox.build/swift-overrides.hmap -emit-const-values -Xfrontend -const-gather-protocols-file -Xfrontend /tmp/tacklebox-six-features-20260909/derived/Build/Intermediates.noindex/Tacklebox.build/Release-iphonesimulator/Tacklebox.build/Objects-normal/x86_64/Tacklebox_const_extract_protocols.json -Xcc -iquote -Xcc /tmp/tacklebox-six-features-20260909/derived/Build/Intermediates.noindex/Tacklebox.build/Release-iphonesimulator/Tacklebox.build/Tacklebox-generated-files.hmap -Xcc -I/tmp/tacklebox-six-features-20260909/derived/Build/Intermediates.noindex/Tacklebox.build/Release-iphonesimulator/Tacklebox.build/Tacklebox-own-target-headers.hmap -Xcc -I/tmp/tacklebox-six-features-20260909/derived/Build/Intermediates.noindex/Tacklebox.build/Release-iphonesimulator/Tacklebox.build/Tacklebox-all-target-headers.hmap -Xcc -iquote -Xcc /tmp/tacklebox-six-features-20260909/derived/Build/Intermediates.noindex/Tacklebox.build/Release-iphonesimulator/Tacklebox.build/Tacklebox-project-headers.hmap -Xcc -I/tmp/tacklebox-six-features-20260909/derived/Build/Products/Release-iphonesimulator/include -Xcc -I/tmp/tacklebox-six-features-20260909/derived/Build/Intermediates.noindex/Tacklebox.build/Release-iphonesimulator/Tacklebox.build/DerivedSources-normal/x86_64 -Xcc -I/tmp/tacklebox-six-features-20260909/derived/Build/Intermediates.noindex/Tacklebox.build/Release-iphonesimulator/Tacklebox.build/DerivedSources/x86_64 -Xcc -I/tmp/tacklebox-six-features-20260909/derived/Build/Intermediates.noindex/Tacklebox.build/Release-iphonesimulator/Tacklebox.build/DerivedSources -emit-objc-header -emit-objc-header-path /tmp/tacklebox-six-features-20260909/derived/Build/Intermediates.noindex/Tacklebox.build/Release-iphonesimulator/Tacklebox.build/Objects-normal/x86_64/Tacklebox-Swift.h -working-directory /Volumes/working\ /recovery-2026-08-27/tacklebox-ios -no-emit-module-separately-wmo

SwiftExplicitDependencyGeneratePcm x86_64 /tmp/tacklebox-six-features-20260909/derived/ModuleCache.noindex/ActivityKit-5KXV10CT64BJDOFAU94BN7IF8.pcm

SwiftExplicitDependencyGeneratePcm x86_64 /tmp/tacklebox-six-features-20260909/derived/ModuleCache.noindex/_Builtin_stdarg-6M4NWG4LIRVLURZUQCOI94KQW.pcm

SwiftExplicitDependencyGeneratePcm x86_64 /tmp/tacklebox-six-features-20260909/derived/ModuleCache.noindex/_SwiftConcurrencyShims-AY4IL7RBDSW7BG1VOHAOCUZWW.pcm

SwiftExplicitDependencyGeneratePcm x86_64 /tmp/tacklebox-six-features-20260909/derived/ModuleCache.noindex/ptrauth-BCWSMVCS4C1WPVYIZK8SWXIHX.pcm

SwiftExplicitDependencyGeneratePcm x86_64 /tmp/tacklebox-six-features-20260909/derived/ModuleCache.noindex/_StoreKit_SwiftUI-9KZENI4P1FTPSM5NPSJ5FMPKW.pcm

SwiftExplicitDependencyGeneratePcm x86_64 /tmp/tacklebox-six-features-20260909/derived/ModuleCache.noindex/_Builtin_stdbool-AFLJFAN9BNYPVXT85KJ7V71ZX.pcm

SwiftExplicitDependencyGeneratePcm x86_64 /tmp/tacklebox-six-features-20260909/derived/ModuleCache.noindex/_Builtin_float-44OSCWWIBM4U8LUUKH7V1H3B6.pcm

SwiftExplicitDependencyGeneratePcm x86_64 /tmp/tacklebox-six-features-20260909/derived/ModuleCache.noindex/SwiftShims-6EVXOHE1FBKOA4M7T4DZCHFTR.pcm

SwiftExplicitDependencyGeneratePcm x86_64 /tmp/tacklebox-six-features-20260909/derived/ModuleCache.noindex/DeveloperToolsSupport-6YMBQIPXQ2KUE0W9N33HNGD66.pcm

SwiftExplicitDependencyGeneratePcm x86_64 /tmp/tacklebox-six-features-20260909/derived/ModuleCache.noindex/_AvailabilityInternal-EC5B10FS3461IGOUMJLXQ5VSN.pcm

SwiftExplicitDependencyGeneratePcm x86_64 /tmp/tacklebox-six-features-20260909/derived/ModuleCache.noindex/ptrcheck-1D3OW803QGVBASXHPHS4406O3.pcm

SwiftExplicitDependencyGeneratePcm arm64 /tmp/tacklebox-six-features-20260909/derived/ModuleCache.noindex/_Builtin_stdbool-42136AHVLN7N5CTNAXIXRNXWT.pcm

SwiftExplicitDependencyGeneratePcm arm64 /tmp/tacklebox-six-features-20260909/derived/ModuleCache.noindex/SwiftShims-YPLSFKVHP279S0YRPO3FFUSM.pcm

SwiftExplicitDependencyGeneratePcm arm64 /tmp/tacklebox-six-features-20260909/derived/ModuleCache.noindex/_SwiftConcurrencyShims-AMZJ6FUS31SMF89Z2GP9FSKQM.pcm

SwiftExplicitDependencyGeneratePcm arm64 /tmp/tacklebox-six-features-20260909/derived/ModuleCache.noindex/ptrcheck-5JDZNCJ2VNDDHG0WR95KFB0LG.pcm

SwiftExplicitDependencyGeneratePcm arm64 /tmp/tacklebox-six-features-20260909/derived/ModuleCache.noindex/_AvailabilityInternal-BSMG240PW2ZW3L7DP4SP3J9TR.pcm

SwiftExplicitDependencyGeneratePcm arm64 /tmp/tacklebox-six-features-20260909/derived/ModuleCache.noindex/ActivityKit-DYN6GQTUAHH3JDQJ1OPFV5T5L.pcm

SwiftExplicitDependencyGeneratePcm arm64 /tmp/tacklebox-six-features-20260909/derived/ModuleCache.noindex/_Builtin_stdarg-BQGUW96HGR1WO826WQ4NJMNEG.pcm

SwiftExplicitDependencyGeneratePcm arm64 /tmp/tacklebox-six-features-20260909/derived/ModuleCache.noindex/_Builtin_float-2D12PIZBCGA6CT03AVUYQII6C.pcm

SwiftExplicitDependencyGeneratePcm x86_64 /tmp/tacklebox-six-features-20260909/derived/ModuleCache.noindex/_Builtin_stddef-XTTAQBGQ5IG2U4IC5JCTHIK9.pcm

SwiftExplicitDependencyGeneratePcm arm64 /tmp/tacklebox-six-features-20260909/derived/ModuleCache.noindex/DeveloperToolsSupport-EVE09EX2D03XRT6222PFD9FJX.pcm

SwiftExplicitDependencyGeneratePcm x86_64 /tmp/tacklebox-six-features-20260909/derived/ModuleCache.noindex/_DarwinFoundation1-A7ARCZTHAX1FI54IJ96DCUOD2.pcm

SwiftExplicitDependencyGeneratePcm arm64 /tmp/tacklebox-six-features-20260909/derived/ModuleCache.noindex/_StoreKit_SwiftUI-CNQCR2OILNETL1AOJC0MBS934.pcm

SwiftExplicitDependencyGeneratePcm arm64 /tmp/tacklebox-six-features-20260909/derived/ModuleCache.noindex/ptrauth-O9BK0H75XE45WM7QXNMGLCM3.pcm

SwiftExplicitDependencyGeneratePcm arm64 /tmp/tacklebox-six-features-20260909/derived/ModuleCache.noindex/_Builtin_stddef-9BYYUB1FWM36C1070FTB7HA2Q.pcm

SwiftDriver\ Compilation Tacklebox normal arm64 com.apple.xcode.tools.swift.compiler (in target 'Tacklebox' from project 'Tacklebox')
    cd /Volumes/working\ /recovery-2026-08-27/tacklebox-ios
    builtin-Swift-Compilation -- /Applications/Xcode.app/Contents/Developer/Toolchains/XcodeDefault.xctoolchain/usr/bin/swiftc -module-name Tacklebox -O -whole-module-optimization @/tmp/tacklebox-six-features-20260909/derived/Build/Intermediates.noindex/Tacklebox.build/Release-iphonesimulator/Tacklebox.build/Objects-normal/arm64/Tacklebox.SwiftFileList -enable-bare-slash-regex -enable-experimental-feature DebugDescriptionMacro -sdk /Applications/Xcode.app/Contents/Developer/Platforms/iPhoneSimulator.platform/Developer/SDKs/iPhoneSimulator26.5.sdk -target arm64-apple-ios17.0-simulator -g -module-cache-path /tmp/tacklebox-six-features-20260909/derived/ModuleCache.noindex -Xfrontend -serialize-debugging-options -swift-version 5 -I /tmp/tacklebox-six-features-20260909/derived/Build/Products/Release-iphonesimulator -F /tmp/tacklebox-six-features-20260909/derived/Build/Products/Release-iphonesimulator -c -num-threads 12 -Xcc -ivfsstatcache -Xcc /tmp/tacklebox-six-features-20260909/derived/SDKStatCaches.noindex/iphonesimulator26.5-23F81a-6cfe768891a92b912361537c460fe42b.sdkstatcache -output-file-map /tmp/tacklebox-six-features-20260909/derived/Build/Intermediates.noindex/Tacklebox.build/Release-iphonesimulator/Tacklebox.build/Objects-normal/arm64/Tacklebox-OutputFileMap.json -use-frontend-parseable-output -save-temps -no-color-diagnostics -explicit-module-build -module-cache-path /tmp/tacklebox-six-features-20260909/derived/Build/Intermediates.noindex/SwiftExplicitPrecompiledModules -clang-scanner-module-cache-path /tmp/tacklebox-six-features-20260909/derived/ModuleCache.noindex -sdk-module-cache-path /tmp/tacklebox-six-features-20260909/derived/ModuleCache.noindex -serialize-diagnostics -emit-dependencies -emit-module -emit-module-path /tmp/tacklebox-six-features-20260909/derived/Build/Intermediates.noindex/Tacklebox.build/Release-iphonesimulator/Tacklebox.build/Objects-normal/arm64/Tacklebox.swiftmodule -validate-clang-modules-once -clang-build-session-file /tmp/tacklebox-six-features-20260909/derived/ModuleCache.noindex/Session.modulevalidation -Xcc -I/tmp/tacklebox-six-features-20260909/derived/Build/Intermediates.noindex/Tacklebox.build/Release-iphonesimulator/Tacklebox.build/swift-overrides.hmap -emit-const-values -Xfrontend -const-gather-protocols-file -Xfrontend /tmp/tacklebox-six-features-20260909/derived/Build/Intermediates.noindex/Tacklebox.build/Release-iphonesimulator/Tacklebox.build/Objects-normal/arm64/Tacklebox_const_extract_protocols.json -Xcc -iquote -Xcc /tmp/tacklebox-six-features-20260909/derived/Build/Intermediates.noindex/Tacklebox.build/Release-iphonesimulator/Tacklebox.build/Tacklebox-generated-files.hmap -Xcc -I/tmp/tacklebox-six-features-20260909/derived/Build/Intermediates.noindex/Tacklebox.build/Release-iphonesimulator/Tacklebox.build/Tacklebox-own-target-headers.hmap -Xcc -I/tmp/tacklebox-six-features-20260909/derived/Build/Intermediates.noindex/Tacklebox.build/Release-iphonesimulator/Tacklebox.build/Tacklebox-all-target-headers.hmap -Xcc -iquote -Xcc /tmp/tacklebox-six-features-20260909/derived/Build/Intermediates.noindex/Tacklebox.build/Release-iphonesimulator/Tacklebox.build/Tacklebox-project-headers.hmap -Xcc -I/tmp/tacklebox-six-features-20260909/derived/Build/Products/Release-iphonesimulator/include -Xcc -I/tmp/tacklebox-six-features-20260909/derived/Build/Intermediates.noindex/Tacklebox.build/Release-iphonesimulator/Tacklebox.build/DerivedSources-normal/arm64 -Xcc -I/tmp/tacklebox-six-features-20260909/derived/Build/Intermediates.noindex/Tacklebox.build/Release-iphonesimulator/Tacklebox.build/DerivedSources/arm64 -Xcc -I/tmp/tacklebox-six-features-20260909/derived/Build/Intermediates.noindex/Tacklebox.build/Release-iphonesimulator/Tacklebox.build/DerivedSources -emit-objc-header -emit-objc-header-path /tmp/tacklebox-six-features-20260909/derived/Build/Intermediates.noindex/Tacklebox.build/Release-iphonesimulator/Tacklebox.build/Objects-normal/arm64/Tacklebox-Swift.h -working-directory /Volumes/working\ /recovery-2026-08-27/tacklebox-ios -no-emit-module-separately-wmo

SwiftExplicitDependencyGeneratePcm arm64 /tmp/tacklebox-six-features-20260909/derived/ModuleCache.noindex/_DarwinFoundation1-CXWQ2VOBLUZOSA92TQSB93B60.pcm

SwiftExplicitDependencyGeneratePcm x86_64 /tmp/tacklebox-six-features-20260909/derived/ModuleCache.noindex/_Builtin_limits-2COHLQGG8HIKRJ6VZS1L62NWM.pcm

SwiftExplicitDependencyGeneratePcm x86_64 /tmp/tacklebox-six-features-20260909/derived/ModuleCache.noindex/ExtensionFoundation-7M55DFR1GHG7N3BHCRHLBGQW7.pcm

SwiftExplicitDependencyGeneratePcm x86_64 /tmp/tacklebox-six-features-20260909/derived/ModuleCache.noindex/_DarwinFoundation2-A0XMU7F1Q0KUFFUF8IXR49OVP.pcm

SwiftExplicitDependencyGeneratePcm arm64 /tmp/tacklebox-six-features-20260909/derived/ModuleCache.noindex/ExtensionFoundation-E6BLW21LCVJFIK6J7ADEC86VB.pcm

SwiftExplicitDependencyGeneratePcm arm64 /tmp/tacklebox-six-features-20260909/derived/ModuleCache.noindex/_Builtin_limits-8QBWSZKTEIJKA4FRJBLCMGXMI.pcm

SwiftExplicitDependencyGeneratePcm arm64 /tmp/tacklebox-six-features-20260909/derived/ModuleCache.noindex/_DarwinFoundation2-4X0W3SXD4JDDVSR1QHDUDFV0O.pcm

SwiftExplicitDependencyGeneratePcm x86_64 /tmp/tacklebox-six-features-20260909/derived/ModuleCache.noindex/_Builtin_tgmath-7DNMG8VNM3B5MYUV14MLR8S2.pcm

SwiftExplicitDependencyGeneratePcm x86_64 /tmp/tacklebox-six-features-20260909/derived/ModuleCache.noindex/sys_types-BK83FL7N4M0C9MTJZZDM2PBWC.pcm

SwiftExplicitDependencyGeneratePcm x86_64 /tmp/tacklebox-six-features-20260909/derived/ModuleCache.noindex/_Builtin_stdint-164VLIBHL1PKVYYEAQBV5HDD0.pcm

SwiftExplicitDependencyGeneratePcm arm64 /tmp/tacklebox-six-features-20260909/derived/ModuleCache.noindex/_Builtin_tgmath-DVRTR4D2NBEPM6409DJ232J39.pcm

SwiftExplicitDependencyGeneratePcm arm64 /tmp/tacklebox-six-features-20260909/derived/ModuleCache.noindex/sys_types-BGEYBP19VOKOPFEL9HL6KVL4Z.pcm

SwiftExplicitDependencyGeneratePcm arm64 /tmp/tacklebox-six-features-20260909/derived/ModuleCache.noindex/_Builtin_stdint-5NJAQPPN91Q60WOX01JPUHXBR.pcm

SwiftExplicitDependencyGeneratePcm x86_64 /tmp/tacklebox-six-features-20260909/derived/ModuleCache.noindex/_DarwinFoundation3-E9M3VKDJBGCWCHQCOGVB90M5A.pcm

SwiftExplicitDependencyGeneratePcm x86_64 /tmp/tacklebox-six-features-20260909/derived/ModuleCache.noindex/_Builtin_stdatomic-3F4V4V4P9J78OFP7OU2OK6HIT.pcm

SwiftExplicitDependencyGeneratePcm arm64 /tmp/tacklebox-six-features-20260909/derived/ModuleCache.noindex/_Builtin_intrinsics-7XBJZWIK28XCLUPOR5LB3KVH8.pcm

SwiftExplicitDependencyGeneratePcm arm64 /tmp/tacklebox-six-features-20260909/derived/ModuleCache.noindex/_Builtin_stdatomic-4E5Y3IH2XIMLWX0DXG6R43JRB.pcm

SwiftExplicitDependencyGeneratePcm arm64 /tmp/tacklebox-six-features-20260909/derived/ModuleCache.noindex/_DarwinFoundation3-AUU17HU42XJ1I9UR4YIIQPLCD.pcm

SwiftExplicitDependencyGeneratePcm x86_64 /tmp/tacklebox-six-features-20260909/derived/ModuleCache.noindex/_Builtin_inttypes-1SSZH2UYML9XFJTHBRVY3L8LC.pcm

SwiftExplicitDependencyGeneratePcm x86_64 /tmp/tacklebox-six-features-20260909/derived/ModuleCache.noindex/_Builtin_intrinsics-DJ7SY2VAPIFU4VH8UTLGWTNV6.pcm

SwiftExplicitDependencyGeneratePcm arm64 /tmp/tacklebox-six-features-20260909/derived/ModuleCache.noindex/_Builtin_inttypes-34I23E6R19QG0UYLKLGEZXJC5.pcm

SwiftExplicitDependencyGeneratePcm arm64 /tmp/tacklebox-six-features-20260909/derived/ModuleCache.noindex/simd-7V5I2RLRW3NDR8GK0UVH6L13G.pcm

SwiftExplicitDependencyGeneratePcm x86_64 /tmp/tacklebox-six-features-20260909/derived/ModuleCache.noindex/Darwin-32XB6P1J45Y184NY5NIDA04PA.pcm

SwiftExplicitDependencyGeneratePcm arm64 /tmp/tacklebox-six-features-20260909/derived/ModuleCache.noindex/Darwin-A0FSKPLAYTZBAZ1D8WLWGZ1PL.pcm

SwiftExplicitDependencyGeneratePcm x86_64 /tmp/tacklebox-six-features-20260909/derived/ModuleCache.noindex/simd-6Z5OX3CEKRHRANCY6WA78TR0F.pcm

SwiftExplicitDependencyGeneratePcm arm64 /tmp/tacklebox-six-features-20260909/derived/ModuleCache.noindex/Spatial-A2L8VASG3G6B9MK75DHOSK0VT.pcm

SwiftExplicitDependencyGeneratePcm arm64 /tmp/tacklebox-six-features-20260909/derived/ModuleCache.noindex/ObjectiveC-X21GQEXU24MNMYSQ9Z5K7MNS.pcm

SwiftExplicitDependencyGeneratePcm arm64 /tmp/tacklebox-six-features-20260909/derived/ModuleCache.noindex/MachO-CUALRKTTXYVMQTFXVU1U3YW30.pcm

SwiftExplicitDependencyGeneratePcm x86_64 /tmp/tacklebox-six-features-20260909/derived/ModuleCache.noindex/ObjectiveC-2Y9UERWC19FJS0VPI0HMEHUPG.pcm

SwiftExplicitDependencyGeneratePcm x86_64 /tmp/tacklebox-six-features-20260909/derived/ModuleCache.noindex/MachO-AU61O1GC89SC4KATF9J7XB7Q2.pcm

SwiftExplicitDependencyGeneratePcm x86_64 /tmp/tacklebox-six-features-20260909/derived/ModuleCache.noindex/os_object-878P3KPGA9LZFQZZIYKEXK9VV.pcm

SwiftExplicitDependencyGeneratePcm arm64 /tmp/tacklebox-six-features-20260909/derived/ModuleCache.noindex/os_object-WD6BQO4V9N7BAVOMHMKMD3FJ.pcm

SwiftExplicitDependencyGeneratePcm x86_64 /tmp/tacklebox-six-features-20260909/derived/ModuleCache.noindex/Spatial-2ZTJ3S9ONAPD1QR8GNLCQ5GXJ.pcm

SwiftExplicitDependencyGeneratePcm x86_64 /tmp/tacklebox-six-features-20260909/derived/ModuleCache.noindex/os_workgroup-AF2PHCRQBPA5HM0FT3RF1RZDN.pcm

SwiftExplicitDependencyGeneratePcm arm64 /tmp/tacklebox-six-features-20260909/derived/ModuleCache.noindex/os_workgroup-7YCX66H6TCYFSJIJRH1L94EGE.pcm

SwiftExplicitDependencyGeneratePcm x86_64 /tmp/tacklebox-six-features-20260909/derived/ModuleCache.noindex/Dispatch-DSN35H2DX0ZTRMRN3Z5J4N6TW.pcm

SwiftExplicitDependencyGeneratePcm arm64 /tmp/tacklebox-six-features-20260909/derived/ModuleCache.noindex/Dispatch-AX1IO6ARQEI6K9DVYZS552LES.pcm

SwiftExplicitDependencyGeneratePcm x86_64 /tmp/tacklebox-six-features-20260909/derived/ModuleCache.noindex/CoreFoundation-E76UL0ADWXW0W8ALZQ6KFN7CX.pcm

SwiftExplicitDependencyGeneratePcm x86_64 /tmp/tacklebox-six-features-20260909/derived/ModuleCache.noindex/XPC-BGIZI5EZPVOKAPK9IH8M97LB1.pcm

SwiftExplicitDependencyGeneratePcm x86_64 /tmp/tacklebox-six-features-20260909/derived/ModuleCache.noindex/dnssd-4PFYUBQKQBYY8P47COP4D1U3S.pcm

SwiftExplicitDependencyGeneratePcm arm64 /tmp/tacklebox-six-features-20260909/derived/ModuleCache.noindex/dnssd-9ZS6F3K8NKR4YHDFAVF8R28GJ.pcm

SwiftExplicitDependencyGeneratePcm arm64 /tmp/tacklebox-six-features-20260909/derived/ModuleCache.noindex/XPC-BF3KX8O1F860HP5C5RHM87BSZ.pcm

SwiftExplicitDependencyGeneratePcm arm64 /tmp/tacklebox-six-features-20260909/derived/ModuleCache.noindex/CoreFoundation-AYQ49QPAB78ZXNT60AWA1JU1H.pcm

SwiftExplicitDependencyGeneratePcm x86_64 /tmp/tacklebox-six-features-20260909/derived/ModuleCache.noindex/os-E96G96XVRUZLPVE77SHQ2XZLQ.pcm

SwiftExplicitDependencyGeneratePcm arm64 /tmp/tacklebox-six-features-20260909/derived/ModuleCache.noindex/os-83X98XFPRUTIA62YR35ZKR0A5.pcm

SwiftExplicitDependencyGeneratePcm x86_64 /tmp/tacklebox-six-features-20260909/derived/ModuleCache.noindex/CoreAudioTypes-8OQ50J63VTJT9OEZVEY7HKZTJ.pcm

SwiftExplicitDependencyGeneratePcm x86_64 /tmp/tacklebox-six-features-20260909/derived/ModuleCache.noindex/CoreGraphics-70KKLJCJFQ25FAI59HHMP1IP3.pcm

SwiftExplicitDependencyGeneratePcm x86_64 /tmp/tacklebox-six-features-20260909/derived/ModuleCache.noindex/CFNetwork-7J3FF404VQBQNSS9XOR2N1VRK.pcm

SwiftExplicitDependencyGeneratePcm x86_64 /tmp/tacklebox-six-features-20260909/derived/ModuleCache.noindex/Security-276VYO4W36OW4U1BE9HGCWWHG.pcm

SwiftExplicitDependencyGeneratePcm arm64 /tmp/tacklebox-six-features-20260909/derived/ModuleCache.noindex/CoreGraphics-CRFQC84AZ10AYHI4S8W5ED2C6.pcm

SwiftExplicitDependencyGeneratePcm arm64 /tmp/tacklebox-six-features-20260909/derived/ModuleCache.noindex/Security-4E23ELBDJA01R4ZW7Y91EVZI7.pcm

SwiftExplicitDependencyGeneratePcm arm64 /tmp/tacklebox-six-features-20260909/derived/ModuleCache.noindex/CFNetwork-2LFWGKJFNVXD3JYZN8MNN725M.pcm

SwiftExplicitDependencyGeneratePcm arm64 /tmp/tacklebox-six-features-20260909/derived/ModuleCache.noindex/CoreAudioTypes-3MPXP07CIW8N1V73O6G2HBVHL.pcm

SwiftExplicitDependencyGeneratePcm x86_64 /tmp/tacklebox-six-features-20260909/derived/ModuleCache.noindex/CoreAudio-CUDNDPCU88VEBDY575Q7U3GBM.pcm

SwiftExplicitDependencyGeneratePcm arm64 /tmp/tacklebox-six-features-20260909/derived/ModuleCache.noindex/CoreAudio-8QCS26Y35LCULNDNNXAW5Y1EX.pcm

SwiftExplicitDependencyGeneratePcm x86_64 /tmp/tacklebox-six-features-20260909/derived/ModuleCache.noindex/Foundation-AP9AJRFIWEKWL1X1CK68GO2YU.pcm

SwiftExplicitDependencyGeneratePcm arm64 /tmp/tacklebox-six-features-20260909/derived/ModuleCache.noindex/Foundation-9DEIDB5WRHTDW5PXKAG8U3TM0.pcm

SwiftExplicitDependencyGeneratePcm arm64 /tmp/tacklebox-six-features-20260909/derived/ModuleCache.noindex/CoreText-7GX8RX3B1I0KKZ008RXRYUYZ8.pcm

SwiftExplicitDependencyGeneratePcm x86_64 /tmp/tacklebox-six-features-20260909/derived/ModuleCache.noindex/ImageIO-CIRSR832AVG417737T8YLHIJV.pcm

SwiftExplicitDependencyGeneratePcm x86_64 /tmp/tacklebox-six-features-20260909/derived/ModuleCache.noindex/CoreText-COWHNHRX19H1CM7K6V19DR4D.pcm

SwiftExplicitDependencyGeneratePcm arm64 /tmp/tacklebox-six-features-20260909/derived/ModuleCache.noindex/ImageIO-DHZSGUV4EPFZETGOIUX848YPW.pcm

SwiftExplicitDependencyGeneratePcm x86_64 /tmp/tacklebox-six-features-20260909/derived/ModuleCache.noindex/DataDetection-6F19HL2C7NU39HWXN9P08KBDO.pcm

SwiftExplicitDependencyGeneratePcm x86_64 /tmp/tacklebox-six-features-20260909/derived/ModuleCache.noindex/FileProvider-BK9SDX6X5L83W4AIWB9UOQYK1.pcm

SwiftExplicitDependencyGeneratePcm x86_64 /tmp/tacklebox-six-features-20260909/derived/ModuleCache.noindex/UserNotifications-6EDF8CVIBDU0PUNJZDKD0II6M.pcm

SwiftExplicitDependencyGeneratePcm x86_64 /tmp/tacklebox-six-features-20260909/derived/ModuleCache.noindex/Network-4F26LD9TZ4CH4AC9MB1LZO0K9.pcm

SwiftExplicitDependencyGeneratePcm x86_64 /tmp/tacklebox-six-features-20260909/derived/ModuleCache.noindex/CoreMIDI-11JHREHO5VFXBWLYCSWNLKY2.pcm

SwiftExplicitDependencyGeneratePcm x86_64 /tmp/tacklebox-six-features-20260909/derived/ModuleCache.noindex/CoreData-CJCG4UDZ5J61BNMAAGVSVU94K.pcm

SwiftExplicitDependencyGeneratePcm x86_64 /tmp/tacklebox-six-features-20260909/derived/ModuleCache.noindex/UniformTypeIdentifiers-1JX49NJ6DFFGBP37SOKP8GPOG.pcm

SwiftExplicitDependencyGeneratePcm x86_64 /tmp/tacklebox-six-features-20260909/derived/ModuleCache.noindex/Accessibility-CYW7K0NNCJFHM70WFOS1EBF1R.pcm

SwiftExplicitDependencyGeneratePcm x86_64 /tmp/tacklebox-six-features-20260909/derived/ModuleCache.noindex/BackgroundAssets-D3SCZT6Z9KKNM4OXHM6XS7SK2.pcm

SwiftExplicitDependencyGeneratePcm x86_64 /tmp/tacklebox-six-features-20260909/derived/ModuleCache.noindex/LocalAuthentication-1L1YQQI0YKMAT2GZAA0YZDPDV.pcm

SwiftExplicitDependencyGeneratePcm x86_64 /tmp/tacklebox-six-features-20260909/derived/ModuleCache.noindex/_LocationEssentials-DGCZ3QVO9EDR43UDHQ6MDYB5K.pcm

SwiftExplicitDependencyGeneratePcm arm64 /tmp/tacklebox-six-features-20260909/derived/ModuleCache.noindex/UserNotifications-4PBC485IHFOJI130J7RJKVTR7.pcm

SwiftExplicitDependencyGeneratePcm arm64 /tmp/tacklebox-six-features-20260909/derived/ModuleCache.noindex/BackgroundAssets-4EYAKWEEB14GMDFI2Z9H488B1.pcm

SwiftExplicitDependencyGeneratePcm arm64 /tmp/tacklebox-six-features-20260909/derived/ModuleCache.noindex/CoreData-8SP73L7GN1F7WDMGY6U46PNPR.pcm

SwiftExplicitDependencyGeneratePcm arm64 /tmp/tacklebox-six-features-20260909/derived/ModuleCache.noindex/OSLog-4JGD6QP2EYBK9J4ANJWWRVPFE.pcm

SwiftExplicitDependencyGeneratePcm x86_64 /tmp/tacklebox-six-features-20260909/derived/ModuleCache.noindex/CoreLocation-4NYVB2J2Y4U76IAVYD1IJ0JR5.pcm

SwiftExplicitDependencyGeneratePcm arm64 /tmp/tacklebox-six-features-20260909/derived/ModuleCache.noindex/FileProvider-222LAFF04GQKN5Y6GI5GZ9B36.pcm

SwiftExplicitDependencyGeneratePcm arm64 /tmp/tacklebox-six-features-20260909/derived/ModuleCache.noindex/DataDetection-86IXGW9A7EMWVSCGVIUCQ0ROB.pcm

SwiftExplicitDependencyGeneratePcm arm64 /tmp/tacklebox-six-features-20260909/derived/ModuleCache.noindex/CoreMIDI-1KI69L1YAPN4285L45PE6SVY1.pcm

SwiftExplicitDependencyGeneratePcm arm64 /tmp/tacklebox-six-features-20260909/derived/ModuleCache.noindex/UIUtilities-AIC3OKII5HZM8ZBH7BG5G653A.pcm

SwiftExplicitDependencyGeneratePcm arm64 /tmp/tacklebox-six-features-20260909/derived/ModuleCache.noindex/Network-5WM6L8R1JFI1BBG5LDGJC5R3Y.pcm

SwiftExplicitDependencyGeneratePcm arm64 /tmp/tacklebox-six-features-20260909/derived/ModuleCache.noindex/IOSurface-5HOWRRJJDGBYDC06ES9IEE96P.pcm

SwiftExplicitDependencyGeneratePcm arm64 /tmp/tacklebox-six-features-20260909/derived/ModuleCache.noindex/UniformTypeIdentifiers-E2MMKSWUWHTQI623YQUG5ZSC2.pcm

SwiftExplicitDependencyGeneratePcm x86_64 /tmp/tacklebox-six-features-20260909/derived/ModuleCache.noindex/AVRouting-JVECNMBHIHBVERX1PRJCMIAO.pcm

SwiftExplicitDependencyGeneratePcm arm64 /tmp/tacklebox-six-features-20260909/derived/ModuleCache.noindex/LocalAuthentication-5Q44QBX3RN4OI1ETAF57FRHDL.pcm

SwiftExplicitDependencyGeneratePcm x86_64 /tmp/tacklebox-six-features-20260909/derived/ModuleCache.noindex/OSLog-3VOUGQABR6TMRF9MYGCETTEIR.pcm

SwiftExplicitDependencyGeneratePcm arm64 /tmp/tacklebox-six-features-20260909/derived/ModuleCache.noindex/Symbols-BFXU3ZRRMNVNSZWTXBG15P1Y1.pcm

SwiftExplicitDependencyGeneratePcm x86_64 /tmp/tacklebox-six-features-20260909/derived/ModuleCache.noindex/UIUtilities-3DZ96YRECDKUKLOS0022AGPCL.pcm

SwiftExplicitDependencyGeneratePcm arm64 /tmp/tacklebox-six-features-20260909/derived/ModuleCache.noindex/Accessibility-1AXXUL43T4IXHBYOSQUTF6J2O.pcm

SwiftExplicitDependencyGeneratePcm arm64 /tmp/tacklebox-six-features-20260909/derived/ModuleCache.noindex/OpenGLES-7LV32N9N0B5RY3097Y9WAAHA6.pcm

SwiftExplicitDependencyGeneratePcm x86_64 /tmp/tacklebox-six-features-20260909/derived/ModuleCache.noindex/AudioToolbox-9XQGU4MSZ3N358RZ6SRGGA7W4.pcm

SwiftExplicitDependencyGeneratePcm arm64 /tmp/tacklebox-six-features-20260909/derived/ModuleCache.noindex/AudioToolbox-2EV2LYA7JFEGRCGLR4XNV6EJ.pcm

SwiftExplicitDependencyGeneratePcm arm64 /tmp/tacklebox-six-features-20260909/derived/ModuleCache.noindex/_LocationEssentials-WPEHCCCU0CKZ7M7EDARX1M3V.pcm

SwiftExplicitDependencyGeneratePcm x86_64 /tmp/tacklebox-six-features-20260909/derived/ModuleCache.noindex/OpenGLES-CVR4DK7YOAG5G8V19C94KH5VH.pcm

SwiftExplicitDependencyGeneratePcm arm64 /tmp/tacklebox-six-features-20260909/derived/ModuleCache.noindex/Metal-560XRAEHDYO5NPCRI64ZKRD1Y.pcm

SwiftExplicitDependencyGeneratePcm x86_64 /tmp/tacklebox-six-features-20260909/derived/ModuleCache.noindex/IOSurface-6UHN61AQ4GQPIIYZSXH4VLLLF.pcm

SwiftExplicitDependencyGeneratePcm arm64 /tmp/tacklebox-six-features-20260909/derived/ModuleCache.noindex/AVRouting-1RPSORVHX0NP08F0YAJ5Q2OKQ.pcm

SwiftExplicitDependencyGeneratePcm arm64 /tmp/tacklebox-six-features-20260909/derived/ModuleCache.noindex/CoreTransferable-4GJCK2Y99NOH16SCCI5ELI4XJ.pcm

SwiftExplicitDependencyGeneratePcm x86_64 /tmp/tacklebox-six-features-20260909/derived/ModuleCache.noindex/CoreTransferable-7VHY4B97W5TZK6SYZ4690AW4P.pcm

SwiftExplicitDependencyGeneratePcm x86_64 /tmp/tacklebox-six-features-20260909/derived/ModuleCache.noindex/Symbols-BSDPVJDWG8E27PUASOFO4YZSF.pcm

SwiftExplicitDependencyGeneratePcm arm64 /tmp/tacklebox-six-features-20260909/derived/ModuleCache.noindex/CoreLocation-DEI8TLDEZB4CUGQEXENRL902B.pcm

SwiftExplicitDependencyGeneratePcm x86_64 /tmp/tacklebox-six-features-20260909/derived/ModuleCache.noindex/Metal-E0NZ6M8BY7Y7IVOMY20EWP32J.pcm

SwiftExplicitDependencyGeneratePcm x86_64 /tmp/tacklebox-six-features-20260909/derived/ModuleCache.noindex/CoreVideo-7JCUDW8AXWJL4SMI9Q1LIOADG.pcm

SwiftExplicitDependencyGeneratePcm arm64 /tmp/tacklebox-six-features-20260909/derived/ModuleCache.noindex/CoreVideo-7F3PP810UZ5K5LMJQR1765XKG.pcm

SwiftExplicitDependencyGeneratePcm x86_64 /tmp/tacklebox-six-features-20260909/derived/ModuleCache.noindex/CoreImage-7BTPGW7LOW21CNBW9CVCKAV9Z.pcm

SwiftExplicitDependencyGeneratePcm x86_64 /tmp/tacklebox-six-features-20260909/derived/ModuleCache.noindex/CoreMedia-63DO4EWYP3KCISZFDUM02H5X2.pcm

SwiftExplicitDependencyGeneratePcm x86_64 /tmp/tacklebox-six-features-20260909/derived/ModuleCache.noindex/QuartzCore-AVPSSMGLYE2II52PL02E9H3PH.pcm

SwiftExplicitDependencyGeneratePcm arm64 /tmp/tacklebox-six-features-20260909/derived/ModuleCache.noindex/CoreImage-1EZNYT7L0E5YVEI3QFTVCRTSL.pcm

SwiftExplicitDependencyGeneratePcm arm64 /tmp/tacklebox-six-features-20260909/derived/ModuleCache.noindex/CoreMedia-903CSJGIO2EYDR3IW95C63OTA.pcm

SwiftExplicitDependencyGeneratePcm arm64 /tmp/tacklebox-six-features-20260909/derived/ModuleCache.noindex/QuartzCore-90DPEYCEZL4Q2AEKFBSQ3UI7S.pcm

SwiftExplicitDependencyGeneratePcm x86_64 /tmp/tacklebox-six-features-20260909/derived/ModuleCache.noindex/AVFAudio-EG31SWJB42XLCFKCNLQL805I3.pcm

SwiftExplicitDependencyGeneratePcm x86_64 /tmp/tacklebox-six-features-20260909/derived/ModuleCache.noindex/MediaToolbox-81USRRRCZYY50DXM7YYQ055G6.pcm

SwiftExplicitDependencyGeneratePcm arm64 /tmp/tacklebox-six-features-20260909/derived/ModuleCache.noindex/MediaToolbox-EP1PP8RRHC1YXHU44V3XGCDLJ.pcm

SwiftExplicitDependencyGeneratePcm arm64 /tmp/tacklebox-six-features-20260909/derived/ModuleCache.noindex/AVFAudio-8JABGWO8NKZW2XDCH53PRIUBK.pcm

SwiftExplicitDependencyGeneratePcm arm64 /tmp/tacklebox-six-features-20260909/derived/ModuleCache.noindex/SwiftUICore-BHXIOZLGVXN2TXJUWBTKHQ4OW.pcm

SwiftExplicitDependencyGeneratePcm arm64 /tmp/tacklebox-six-features-20260909/derived/ModuleCache.noindex/UIKit-V2DHNVICC0CPVNU7517WD79N.pcm

SwiftExplicitDependencyGeneratePcm x86_64 /tmp/tacklebox-six-features-20260909/derived/ModuleCache.noindex/UIKit-DGRBME5SWN5NML7LQ5PDDT62I.pcm

SwiftExplicitDependencyGeneratePcm x86_64 /tmp/tacklebox-six-features-20260909/derived/ModuleCache.noindex/SwiftUICore-3TNB25DTX2JM9Z0YKHRYUE4NT.pcm

SwiftExplicitDependencyGeneratePcm x86_64 /tmp/tacklebox-six-features-20260909/derived/ModuleCache.noindex/AVFoundation-5DAVTJFXP3PO7RYY4MV6J0P1V.pcm

SwiftExplicitDependencyGeneratePcm arm64 /tmp/tacklebox-six-features-20260909/derived/ModuleCache.noindex/AVFoundation-F0X73FHA7GDYRNO2O3TTNE2HD.pcm

SwiftExplicitDependencyGeneratePcm arm64 /tmp/tacklebox-six-features-20260909/derived/ModuleCache.noindex/Photos-6IID1D8DSA1ODMHJI62FNA5IN.pcm

SwiftExplicitDependencyGeneratePcm x86_64 /tmp/tacklebox-six-features-20260909/derived/ModuleCache.noindex/Photos-DT4V0758Z8016EOJ4EHCNYNJD.pcm

SwiftExplicitDependencyGeneratePcm x86_64 /tmp/tacklebox-six-features-20260909/derived/ModuleCache.noindex/SwiftUI-7NU8QXQNH3CS27AEUV9AT10GH.pcm

SwiftExplicitDependencyGeneratePcm x86_64 /tmp/tacklebox-six-features-20260909/derived/ModuleCache.noindex/PDFKit-AGLIK7527NHSZDULL36YD1JFF.pcm

SwiftExplicitDependencyGeneratePcm x86_64 /tmp/tacklebox-six-features-20260909/derived/ModuleCache.noindex/AuthenticationServices-COQ3Q975S3ILLDN06NGBJ9EY5.pcm

SwiftExplicitDependencyGeneratePcm x86_64 /tmp/tacklebox-six-features-20260909/derived/ModuleCache.noindex/StoreKit-BOT6T3RF7UHDB2EWDJEAZYJHN.pcm

SwiftExplicitDependencyGeneratePcm x86_64 /tmp/tacklebox-six-features-20260909/derived/ModuleCache.noindex/PhotosUI-8F78A5TQTVLCBFDUIEOXLS26Q.pcm

SwiftExplicitDependencyGeneratePcm arm64 /tmp/tacklebox-six-features-20260909/derived/ModuleCache.noindex/AuthenticationServices-DJQT964QMK6791I87UWGNFV52.pcm

SwiftExplicitDependencyGeneratePcm arm64 /tmp/tacklebox-six-features-20260909/derived/ModuleCache.noindex/SwiftUI-ZR8DR0GMVRLO6O4TLW2K3DCZ.pcm

SwiftExplicitDependencyGeneratePcm arm64 /tmp/tacklebox-six-features-20260909/derived/ModuleCache.noindex/PhotosUI-9XDAISRWY8IZZ5SRNRJV6680P.pcm

SwiftExplicitDependencyGeneratePcm arm64 /tmp/tacklebox-six-features-20260909/derived/ModuleCache.noindex/PDFKit-45BB3486RF0KUJP6U8061C0LJ.pcm

SwiftExplicitDependencyGeneratePcm arm64 /tmp/tacklebox-six-features-20260909/derived/ModuleCache.noindex/StoreKit-F37VYM5HBGQIURVCAMC6EW1CN.pcm

SwiftCompile normal arm64 Compiling\ CapturePolicy.swift,\ CatchDetailView.swift,\ CatchFilter.swift,\ CatchesView.swift,\ ConditionsService.swift,\ EditCatchView.swift,\ InsightsView.swift,\ JournalExport.swift,\ JournalImport.swift,\ LogCatchView.swift,\ MarineService.swift,\ Models.swift,\ OnboardingView.swift,\ PhotoBackup.swift,\ PhotoBackupFormat.swift,\ PhotoBackupView.swift,\ PhotoStrip.swift,\ RiverConditionsView.swift,\ RiverService.swift,\ RootView.swift,\ SeasonBook.swift,\ SeasonBookView.swift,\ SeedData.swift,\ SessionActivityAttributes.swift,\ SessionActivityManager.swift,\ SessionEditorView.swift,\ SessionsView.swift,\ SolunarPlaceStore.swift,\ SolunarService.swift,\ SolunarView.swift,\ SpeciesConnection.swift,\ SpeciesIDService.swift,\ SpeciesInfoService.swift,\ SpeciesRecordView.swift,\ TackleboxApp.swift,\ TackleboxView.swift,\ Theme.swift,\ TideMarineView.swift,\ TideService.swift,\ TripForecast.swift,\ TripPlannerView.swift,\ UnlimitedStore.swift,\ VaultView.swift,\ WatersView.swift,\ YearOnTheWaterView.swift,\ GeneratedAssetSymbols.swift /Volumes/working\ /recovery-2026-08-27/tacklebox-ios/Tacklebox/Domain/CapturePolicy.swift /Volumes/working\ /recovery-2026-08-27/tacklebox-ios/Tacklebox/Features/Catch/CatchDetailView.swift /Volumes/working\ /recovery-2026-08-27/tacklebox-ios/Tacklebox/Domain/CatchFilter.swift /Volumes/working\ /recovery-2026-08-27/tacklebox-ios/Tacklebox/Features/Catches/CatchesView.swift /Volumes/working\ /recovery-2026-08-27/tacklebox-ios/Tacklebox/Data/ConditionsService.swift /Volumes/working\ /recovery-2026-08-27/tacklebox-ios/Tacklebox/Features/Catch/EditCatchView.swift /Volumes/working\ /recovery-2026-08-27/tacklebox-ios/Tacklebox/Features/Insights/InsightsView.swift /Volumes/working\ /recovery-2026-08-27/tacklebox-ios/Tacklebox/Data/JournalExport.swift /Volumes/working\ /recovery-2026-08-27/tacklebox-ios/Tacklebox/Data/JournalImport.swift /Volumes/working\ /recovery-2026-08-27/tacklebox-ios/Tacklebox/Features/LogCatch/LogCatchView.swift /Volumes/working\ /recovery-2026-08-27/tacklebox-ios/Tacklebox/Features/Marine/MarineService.swift /Volumes/working\ /recovery-2026-08-27/tacklebox-ios/Tacklebox/Domain/Models.swift /Volumes/working\ /recovery-2026-08-27/tacklebox-ios/Tacklebox/Features/Shell/OnboardingView.swift /Volumes/working\ /recovery-2026-08-27/tacklebox-ios/Tacklebox/Data/PhotoBackup.swift /Volumes/working\ /recovery-2026-08-27/tacklebox-ios/Tacklebox/Data/PhotoBackupFormat.swift /Volumes/working\ /recovery-2026-08-27/tacklebox-ios/Tacklebox/Features/Backup/PhotoBackupView.swift /Volumes/working\ /recovery-2026-08-27/tacklebox-ios/Tacklebox/Features/Catch/PhotoStrip.swift /Volumes/working\ /recovery-2026-08-27/tacklebox-ios/Tacklebox/Features/River/RiverConditionsView.swift /Volumes/working\ /recovery-2026-08-27/tacklebox-ios/Tacklebox/Features/River/RiverService.swift /Volumes/working\ /recovery-2026-08-27/tacklebox-ios/Tacklebox/Features/Shell/RootView.swift /Volumes/working\ /recovery-2026-08-27/tacklebox-ios/Tacklebox/Features/YearReview/SeasonBook.swift /Volumes/working\ /recovery-2026-08-27/tacklebox-ios/Tacklebox/Features/YearReview/SeasonBookView.swift /Volumes/working\ /recovery-2026-08-27/tacklebox-ios/Tacklebox/Data/SeedData.swift /Volumes/working\ /recovery-2026-08-27/tacklebox-ios/Tacklebox/Features/Sessions/SessionActivityAttributes.swift /Volumes/working\ /recovery-2026-08-27/tacklebox-ios/Tacklebox/Features/Sessions/SessionActivityManager.swift /Volumes/working\ /recovery-2026-08-27/tacklebox-ios/Tacklebox/Features/Sessions/SessionEditorView.swift /Volumes/working\ /recovery-2026-08-27/tacklebox-ios/Tacklebox/Features/Sessions/SessionsView.swift /Volumes/working\ /recovery-2026-08-27/tacklebox-ios/Tacklebox/Features/Solunar/SolunarPlaceStore.swift /Volumes/working\ /recovery-2026-08-27/tacklebox-ios/Tacklebox/Features/Solunar/SolunarService.swift /Volumes/working\ /recovery-2026-08-27/tacklebox-ios/Tacklebox/Features/Solunar/SolunarView.swift /Volumes/working\ /recovery-2026-08-27/tacklebox-ios/Tacklebox/Features/Species/SpeciesConnection.swift /Volumes/working\ /recovery-2026-08-27/tacklebox-ios/Tacklebox/Features/Species/SpeciesIDService.swift /Volumes/working\ /recovery-2026-08-27/tacklebox-ios/Tacklebox/Features/Species/SpeciesInfoService.swift /Volumes/working\ /recovery-2026-08-27/tacklebox-ios/Tacklebox/Features/Vault/SpeciesRecordView.swift /Volumes/working\ /recovery-2026-08-27/tacklebox-ios/Tacklebox/App/TackleboxApp.swift /Volumes/working\ /recovery-2026-08-27/tacklebox-ios/Tacklebox/Features/Tacklebox/TackleboxView.swift /Volumes/working\ /recovery-2026-08-27/tacklebox-ios/Tacklebox/DesignSystem/Theme.swift /Volumes/working\ /recovery-2026-08-27/tacklebox-ios/Tacklebox/Features/Marine/TideMarineView.swift /Volumes/working\ /recovery-2026-08-27/tacklebox-ios/Tacklebox/Features/Marine/TideService.swift /Volumes/working\ /recovery-2026-08-27/tacklebox-ios/Tacklebox/Features/Planner/TripForecast.swift /Volumes/working\ /recovery-2026-08-27/tacklebox-ios/Tacklebox/Features/Planner/TripPlannerView.swift /Volumes/working\ /recovery-2026-08-27/tacklebox-ios/Tacklebox/Features/Access/UnlimitedStore.swift /Volumes/working\ /recovery-2026-08-27/tacklebox-ios/Tacklebox/Features/Vault/VaultView.swift /Volumes/working\ /recovery-2026-08-27/tacklebox-ios/Tacklebox/Features/Waters/WatersView.swift /Volumes/working\ /recovery-2026-08-27/tacklebox-ios/Tacklebox/Features/YearReview/YearOnTheWaterView.swift /tmp/tacklebox-six-features-20260909/derived/Build/Intermediates.noindex/Tacklebox.build/Release-iphonesimulator/Tacklebox.build/DerivedSources/GeneratedAssetSymbols.swift /Applications/Xcode.app/Contents/Developer/Toolchains/XcodeDefault.xctoolchain/usr/lib/swift/iphonesimulator/prebuilt-modules/26.5/CoreAudio.swiftmodule/arm64-apple-ios-simulator.swiftmodule /Applications/Xcode.app/Contents/Developer/Toolchains/XcodeDefault.xctoolchain/usr/lib/swift/iphonesimulator/prebuilt-modules/26.5/CoreVideo.swiftmodule/arm64-apple-ios-simulator.swiftmodule /Applications/Xcode.app/Contents/Developer/Toolchains/XcodeDefault.xctoolchain/usr/lib/swift/iphonesimulator/prebuilt-modules/26.5/simd.swiftmodule/arm64-apple-ios-simulator.swiftmodule /Applications/Xcode.app/Contents/Developer/Toolchains/XcodeDefault.xctoolchain/usr/lib/swift/iphonesimulator/prebuilt-modules/26.5/AudioToolbox.swiftmodule/arm64-apple-ios-simulator.swiftmodule /Applications/Xcode.app/Contents/Developer/Toolchains/XcodeDefault.xctoolchain/usr/lib/swift/iphonesimulator/prebuilt-modules/26.5/CoreText.swiftmodule/arm64-apple-ios-simulator.swiftmodule /Applications/Xcode.app/Contents/Developer/Toolchains/XcodeDefault.xctoolchain/usr/lib/swift/iphonesimulator/prebuilt-modules/26.5/CoreData.swiftmodule/arm64-apple-ios-simulator.swiftmodule /Applications/Xcode.app/Contents/Developer/Toolchains/XcodeDefault.xctoolchain/usr/lib/swift/iphonesimulator/prebuilt-modules/26.5/DataDetection.swiftmodule/arm64-apple-ios-simulator.swiftmodule /Applications/Xcode.app/Contents/Developer/Toolchains/XcodeDefault.xctoolchain/usr/lib/swift/iphonesimulator/prebuilt-modules/26.5/ObjectiveC.swiftmodule/arm64-apple-ios-simulator.swiftmodule /Applications/Xcode.app/Contents/Developer/Toolchains/XcodeDefault.xctoolchain/usr/lib/swift/iphonesimulator/prebuilt-modules/26.5/_Concurrency.swiftmodule/arm64-apple-ios-simulator.swiftmodule /Applications/Xcode.app/Contents/Developer/Toolchains/XcodeDefault.xctoolchain/usr/lib/swift/iphonesimulator/prebuilt-modules/26.5/CoreTransferable.swiftmodule/arm64-apple-ios-simulator.swiftmodule /Applications/Xcode.app/Contents/Developer/Toolchains/XcodeDefault.xctoolchain/usr/lib/swift/iphonesimulator/prebuilt-modules/26.5/SwiftOnoneSupport.swiftmodule/arm64-apple-ios-simulator.swiftmodule /Applications/Xcode.app/Contents/Developer/Toolchains/XcodeDefault.xctoolchain/usr/lib/swift/iphonesimulator/prebuilt-modules/26.5/_AuthenticationServices_SwiftUI.swiftmodule/arm64-apple-ios-simulator.swiftmodule /Applications/Xcode.app/Contents/Developer/Toolchains/XcodeDefault.xctoolchain/usr/lib/swift/iphonesimulator/prebuilt-modules/26.5/CoreGraphics.swiftmodule/arm64-apple-ios-simulator.swiftmodule /Applications/Xcode.app/Contents/Developer/Toolchains/XcodeDefault.xctoolchain/usr/lib/swift/iphonesimulator/prebuilt-modules/26.5/_DarwinFoundation1.swiftmodule/arm64-apple-ios-simulator.swiftmodule /Applications/Xcode.app/Contents/Developer/Toolchains/XcodeDefault.xctoolchain/usr/lib/swift/iphonesimulator/prebuilt-modules/26.5/SwiftData.swiftmodule/arm64-apple-ios-simulator.swiftmodule /Applications/Xcode.app/Contents/Developer/Toolchains/XcodeDefault.xctoolchain/usr/lib/swift/iphonesimulator/prebuilt-modules/26.5/Symbols.swiftmodule/arm64-apple-ios-simulator.swiftmodule /Applications/Xcode.app/Contents/Developer/Toolchains/XcodeDefault.xctoolchain/usr/lib/swift/iphonesimulator/prebuilt-modules/26.5/CoreFoundation.swiftmodule/arm64-apple-ios-simulator.swiftmodule /Applications/Xcode.app/Contents/Developer/Toolchains/XcodeDefault.xctoolchain/usr/lib/swift/iphonesimulator/prebuilt-modules/26.5/Distributed.swiftmodule/arm64-apple-ios-simulator.swiftmodule /Applications/Xcode.app/Contents/Developer/Toolchains/XcodeDefault.xctoolchain/usr/lib/swift/iphonesimulator/prebuilt-modules/26.5/CoreImage.swiftmodule/arm64-apple-ios-simulator.swiftmodule /Applications/Xcode.app/Contents/Developer/Toolchains/XcodeDefault.xctoolchain/usr/lib/swift/iphonesimulator/prebuilt-modules/26.5/LocalAuthentication.swiftmodule/arm64-apple-ios-simulator.swiftmodule /Applications/Xcode.app/Contents/Developer/Toolchains/XcodeDefault.xctoolchain/usr/lib/swift/iphonesimulator/prebuilt-modules/26.5/_StoreKit_SwiftUI.swiftmodule/arm64-apple-ios-simulator.swiftmodule /Applications/Xcode.app/Contents/Developer/Toolchains/XcodeDefault.xctoolchain/usr/lib/swift/iphonesimulator/prebuilt-modules/26.5/System.swiftmodule/arm64-apple-ios-simulator.swiftmodule /Applications/Xcode.app/Contents/Developer/Toolchains/XcodeDefault.xctoolchain/usr/lib/swift/iphonesimulator/prebuilt-modules/26.5/Charts.swiftmodule/arm64-apple-ios-simulator.swiftmodule /Applications/Xcode.app/Contents/Developer/Toolchains/XcodeDefault.xctoolchain/usr/lib/swift/iphonesimulator/prebuilt-modules/26.5/AVFAudio.swiftmodule/arm64-apple-ios-simulator.swiftmodule /Applications/Xcode.app/Contents/Developer/Toolchains/XcodeDefault.xctoolchain/usr/lib/swift/iphonesimulator/prebuilt-modules/26.5/ExtensionFoundation.swiftmodule/arm64-apple-ios-simulator.swiftmodule /Applications/Xcode.app/Contents/Developer/Toolchains/XcodeDefault.xctoolchain/usr/lib/swift/iphonesimulator/prebuilt-modules/26.5/StoreKit.swiftmodule/arm64-apple-ios-simulator.swiftmodule /Applications/Xcode.app/Contents/Developer/Toolchains/XcodeDefault.xctoolchain/usr/lib/swift/iphonesimulator/prebuilt-modules/26.5/_PhotosUI_SwiftUI.swiftmodule/arm64-apple-ios-simulator.swiftmodule /Applications/Xcode.app/Contents/Developer/Toolchains/XcodeDefault.xctoolchain/usr/lib/swift/iphonesimulator/prebuilt-modules/26.5/CoreMIDI.swiftmodule/arm64-apple-ios-simulator.swiftmodule /Applications/Xcode.app/Contents/Developer/Toolchains/XcodeDefault.xctoolchain/usr/lib/swift/iphonesimulator/prebuilt-modules/26.5/XPC.swiftmodule/arm64-apple-ios-simulator.swiftmodule /Applications/Xcode.app/Contents/Developer/Toolchains/XcodeDefault.xctoolchain/usr/lib/swift/iphonesimulator/prebuilt-modules/26.5/OSLog.swiftmodule/arm64-apple-ios-simulator.swiftmodule /Applications/Xcode.app/Contents/Developer/Toolchains/XcodeDefault.xctoolchain/usr/lib/swift/iphonesimulator/prebuilt-modules/26.5/Dispatch.swiftmodule/arm64-apple-ios-simulator.swiftmodule /Applications/Xcode.app/Contents/Developer/Toolchains/XcodeDefault.xctoolchain/usr/lib/swift/iphonesimulator/prebuilt-modules/26.5/PhotosUI.swiftmodule/arm64-apple-ios-simulator.swiftmodule /Applications/Xcode.app/Contents/Developer/Toolchains/XcodeDefault.xctoolchain/usr/lib/swift/iphonesimulator/prebuilt-modules/26.5/_SwiftData_SwiftUI.swiftmodule/arm64-apple-ios-simulator.swiftmodule /Applications/Xcode.app/Contents/Developer/Toolchains/XcodeDefault.xctoolchain/usr/lib/swift/iphonesimulator/prebuilt-modules/26.5/Metal.swiftmodule/arm64-apple-ios-simulator.swiftmodule /Applications/Xcode.app/Contents/Developer/Toolchains/XcodeDefault.xctoolchain/usr/lib/swift/iphonesimulator/prebuilt-modules/26.5/Darwin.swiftmodule/arm64-apple-ios-simulator.swiftmodule /Applications/Xcode.app/Contents/Developer/Toolchains/XcodeDefault.xctoolchain/usr/lib/swift/iphonesimulator/prebuilt-modules/26.5/CoreMedia.swiftmodule/arm64-apple-ios-simulator.swiftmodule /Applications/Xcode.app/Contents/Developer/Toolchains/XcodeDefault.xctoolchain/usr/lib/swift/iphonesimulator/prebuilt-modules/26.5/PDFKit.swiftmodule/arm64-apple-ios-simulator.swiftmodule /Applications/Xcode.app/Contents/Developer/Toolchains/XcodeDefault.xctoolchain/usr/lib/swift/iphonesimulator/prebuilt-modules/26.5/BackgroundAssets.swiftmodule/arm64-apple-ios-simulator.swiftmodule /Applications/Xcode.app/Contents/Developer/Toolchains/XcodeDefault.xctoolchain/usr/lib/swift/iphonesimulator/prebuilt-modules/26.5/ActivityKit.swiftmodule/arm64-apple-ios-simulator.swiftmodule /Applications/Xcode.app/Contents/Developer/Toolchains/XcodeDefault.xctoolchain/usr/lib/swift/iphonesimulator/prebuilt-modules/26.5/_StringProcessing.swiftmodule/arm64-apple-ios-simulator.swiftmodule /Applications/Xcode.app/Contents/Developer/Toolchains/XcodeDefault.xctoolchain/usr/lib/swift/iphonesimulator/prebuilt-modules/26.5/UniformTypeIdentifiers.swiftmodule/arm64-apple-ios-simulator.swiftmodule /Applications/Xcode.app/Contents/Developer/Toolchains/XcodeDefault.xctoolchain/usr/lib/swift/iphonesimulator/prebuilt-modules/26.5/Photos.swiftmodule/arm64-apple-ios-simulator.swiftmodule /Applications/Xcode.app/Contents/Developer/Toolchains/XcodeDefault.xctoolchain/usr/lib/swift/iphonesimulator/prebuilt-modules/26.5/AuthenticationServices.swiftmodule/arm64-apple-ios-simulator.swiftmodule /Applications/Xcode.app/Contents/Developer/Toolchains/XcodeDefault.xctoolchain/usr/lib/swift/iphonesimulator/prebuilt-modules/26.5/Combine.swiftmodule/arm64-apple-ios-simulator.swiftmodule /Applications/Xcode.app/Contents/Developer/Toolchains/XcodeDefault.xctoolchain/usr/lib/swift/iphonesimulator/prebuilt-modules/26.5/Network.swiftmodule/arm64-apple-ios-simulator.swiftmodule /Applications/Xcode.app/Contents/Developer/Toolchains/XcodeDefault.xctoolchain/usr/lib/swift/iphonesimulator/prebuilt-modules/26.5/Swift.swiftmodule/arm64-apple-ios-simulator.swiftmodule /Applications/Xcode.app/Contents/Developer/Toolchains/XcodeDefault.xctoolchain/usr/lib/swift/iphonesimulator/prebuilt-modules/26.5/Spatial.swiftmodule/arm64-apple-ios-simulator.swiftmodule /Applications/Xcode.app/Contents/Developer/Toolchains/XcodeDefault.xctoolchain/usr/lib/swift/iphonesimulator/prebuilt-modules/26.5/Accessibility.swiftmodule/arm64-apple-ios-simulator.swiftmodule /Applications/Xcode.app/Contents/Developer/Toolchains/XcodeDefault.xctoolchain/usr/lib/swift/iphonesimulator/prebuilt-modules/26.5/Observation.swiftmodule/arm64-apple-ios-simulator.swiftmodule /Applications/Xcode.app/Contents/Developer/Toolchains/XcodeDefault.xctoolchain/usr/lib/swift/iphonesimulator/prebuilt-modules/26.5/CoreLocation.swiftmodule/arm64-apple-ios-simulator.swiftmodule /Applications/Xcode.app/Contents/Developer/Toolchains/XcodeDefault.xctoolchain/usr/lib/swift/iphonesimulator/prebuilt-modules/26.5/Synchronization.swiftmodule/arm64-apple-ios-simulator.swiftmodule /Applications/Xcode.app/Contents/Developer/Toolchains/XcodeDefault.xctoolchain/usr/lib/swift/iphonesimulator/prebuilt-modules/26.5/DeveloperToolsSupport.swiftmodule/arm64-apple-ios-simulator.swiftmodule /Applications/Xcode.app/Contents/Developer/Toolchains/XcodeDefault.xctoolchain/usr/lib/swift/iphonesimulator/prebuilt-modules/26.5/CryptoKit.swiftmodule/arm64-apple-ios-simulator.swiftmodule /Applications/Xcode.app/Contents/Developer/Toolchains/XcodeDefault.xctoolchain/usr/lib/swift/iphonesimulator/prebuilt-modules/26.5/os.swiftmodule/arm64-apple-ios-simulator.swiftmodule /Applications/Xcode.app/Contents/Developer/Toolchains/XcodeDefault.xctoolchain/usr/lib/swift/iphonesimulator/prebuilt-modules/26.5/_DarwinFoundation3.swiftmodule/arm64-apple-ios-simulator.swiftmodule /Applications/Xcode.app/Contents/Developer/Toolchains/XcodeDefault.xctoolchain/usr/lib/swift/iphonesimulator/prebuilt-modules/26.5/UIKit.swiftmodule/arm64-apple-ios-simulator.swiftmodule /Applications/Xcode.app/Contents/Developer/Toolchains/XcodeDefault.xctoolchain/usr/lib/swift/iphonesimulator/prebuilt-modules/26.5/_DarwinFoundation2.swiftmodule/arm64-apple-ios-simulator.swiftmodule /Applications/Xcode.app/Contents/Developer/Toolchains/XcodeDefault.xctoolchain/usr/lib/swift/iphonesimulator/prebuilt-modules/26.5/FileProvider.swiftmodule/arm64-apple-ios-simulator.swiftmodule /Applications/Xcode.app/Contents/Developer/Toolchains/XcodeDefault.xctoolchain/usr/lib/swift/iphonesimulator/prebuilt-modules/26.5/AVFoundation.swiftmodule/arm64-apple-ios-simulator.swiftmodule /Applications/Xcode.app/Contents/Developer/Toolchains/XcodeDefault.xctoolchain/usr/lib/swift/iphonesimulator/prebuilt-modules/26.5/SwiftUI.swiftmodule/arm64-apple-ios-simulator.swiftmodule /Applications/Xcode.app/Contents/Developer/Toolchains/XcodeDefault.xctoolchain/usr/lib/swift/iphonesimulator/prebuilt-modules/26.5/_Builtin_float.swiftmodule/arm64-apple-ios-simulator.swiftmodule /Applications/Xcode.app/Contents/Developer/Toolchains/XcodeDefault.xctoolchain/usr/lib/swift/iphonesimulator/prebuilt-modules/26.5/SwiftUICore.swiftmodule/arm64-apple-ios-simulator.swiftmodule /Applications/Xcode.app/Contents/Developer/Toolchains/XcodeDefault.xctoolchain/usr/lib/swift/iphonesimulator/prebuilt-modules/26.5/QuartzCore.swiftmodule/arm64-apple-ios-simulator.swiftmodule /Applications/Xcode.app/Contents/Developer/Toolchains/XcodeDefault.xctoolchain/usr/lib/swift/iphonesimulator/prebuilt-modules/26.5/Foundation.swiftmodule/arm64-apple-ios-simulator.swiftmodule /tmp/tacklebox-six-features-20260909/derived/ModuleCache.noindex/StoreKit-F37VYM5HBGQIURVCAMC6EW1CN.pcm /tmp/tacklebox-six-features-20260909/derived/ModuleCache.noindex/PhotosUI-9XDAISRWY8IZZ5SRNRJV6680P.pcm /tmp/tacklebox-six-features-20260909/derived/ModuleCache.noindex/Security-4E23ELBDJA01R4ZW7Y91EVZI7.pcm /tmp/tacklebox-six-features-20260909/derived/ModuleCache.noindex/Darwin-A0FSKPLAYTZBAZ1D8WLWGZ1PL.pcm /tmp/tacklebox-six-features-20260909/derived/ModuleCache.noindex/ObjectiveC-X21GQEXU24MNMYSQ9Z5K7MNS.pcm /tmp/tacklebox-six-features-20260909/derived/ModuleCache.noindex/ActivityKit-DYN6GQTUAHH3JDQJ1OPFV5T5L.pcm /tmp/tacklebox-six-features-20260909/derived/ModuleCache.noindex/_Builtin_stddef-9BYYUB1FWM36C1070FTB7HA2Q.pcm /tmp/tacklebox-six-features-20260909/derived/ModuleCache.noindex/CoreAudio-8QCS26Y35LCULNDNNXAW5Y1EX.pcm /tmp/tacklebox-six-features-20260909/derived/ModuleCache.noindex/QuartzCore-90DPEYCEZL4Q2AEKFBSQ3UI7S.pcm /tmp/tacklebox-six-features-20260909/derived/ModuleCache.noindex/UniformTypeIdentifiers-E2MMKSWUWHTQI623YQUG5ZSC2.pcm /tmp/tacklebox-six-features-20260909/derived/ModuleCache.noindex/CoreMIDI-1KI69L1YAPN4285L45PE6SVY1.pcm /tmp/tacklebox-six-features-20260909/derived/ModuleCache.noindex/MediaToolbox-EP1PP8RRHC1YXHU44V3XGCDLJ.pcm /tmp/tacklebox-six-features-20260909/derived/ModuleCache.noindex/CoreVideo-7F3PP810UZ5K5LMJQR1765XKG.pcm /tmp/tacklebox-six-features-20260909/derived/ModuleCache.noindex/_AvailabilityInternal-BSMG240PW2ZW3L7DP4SP3J9TR.pcm /tmp/tacklebox-six-features-20260909/derived/ModuleCache.noindex/OSLog-4JGD6QP2EYBK9J4ANJWWRVPFE.pcm /tmp/tacklebox-six-features-20260909/derived/ModuleCache.noindex/SwiftUICore-BHXIOZLGVXN2TXJUWBTKHQ4OW.pcm /tmp/tacklebox-six-features-20260909/derived/ModuleCache.noindex/SwiftUI-ZR8DR0GMVRLO6O4TLW2K3DCZ.pcm /tmp/tacklebox-six-features-20260909/derived/ModuleCache.noindex/_Builtin_float-2D12PIZBCGA6CT03AVUYQII6C.pcm /tmp/tacklebox-six-features-20260909/derived/ModuleCache.noindex/_Builtin_stdarg-BQGUW96HGR1WO826WQ4NJMNEG.pcm /tmp/tacklebox-six-features-20260909/derived/ModuleCache.noindex/os_workgroup-7YCX66H6TCYFSJIJRH1L94EGE.pcm /tmp/tacklebox-six-features-20260909/derived/ModuleCache.noindex/_StoreKit_SwiftUI-CNQCR2OILNETL1AOJC0MBS934.pcm /tmp/tacklebox-six-features-20260909/derived/ModuleCache.noindex/Accessibility-1AXXUL43T4IXHBYOSQUTF6J2O.pcm /tmp/tacklebox-six-features-20260909/derived/ModuleCache.noindex/CoreMedia-903CSJGIO2EYDR3IW95C63OTA.pcm /tmp/tacklebox-six-features-20260909/derived/ModuleCache.noindex/Foundation-9DEIDB5WRHTDW5PXKAG8U3TM0.pcm /tmp/tacklebox-six-features-20260909/derived/ModuleCache.noindex/dnssd-9ZS6F3K8NKR4YHDFAVF8R28GJ.pcm /tmp/tacklebox-six-features-20260909/derived/ModuleCache.noindex/_Builtin_limits-8QBWSZKTEIJKA4FRJBLCMGXMI.pcm /tmp/tacklebox-six-features-20260909/derived/ModuleCache.noindex/LocalAuthentication-5Q44QBX3RN4OI1ETAF57FRHDL.pcm /tmp/tacklebox-six-features-20260909/derived/ModuleCache.noindex/Photos-6IID1D8DSA1ODMHJI62FNA5IN.pcm /tmp/tacklebox-six-features-20260909/derived/ModuleCache.noindex/MachO-CUALRKTTXYVMQTFXVU1U3YW30.pcm /tmp/tacklebox-six-features-20260909/derived/ModuleCache.noindex/CoreData-8SP73L7GN1F7WDMGY6U46PNPR.pcm /tmp/tacklebox-six-features-20260909/derived/ModuleCache.noindex/ExtensionFoundation-E6BLW21LCVJFIK6J7ADEC86VB.pcm /tmp/tacklebox-six-features-20260909/derived/ModuleCache.noindex/AuthenticationServices-DJQT964QMK6791I87UWGNFV52.pcm /tmp/tacklebox-six-features-20260909/derived/ModuleCache.noindex/_DarwinFoundation2-4X0W3SXD4JDDVSR1QHDUDFV0O.pcm /tmp/tacklebox-six-features-20260909/derived/ModuleCache.noindex/CoreLocation-DEI8TLDEZB4CUGQEXENRL902B.pcm /tmp/tacklebox-six-features-20260909/derived/ModuleCache.noindex/Dispatch-AX1IO6ARQEI6K9DVYZS552LES.pcm /tmp/tacklebox-six-features-20260909/derived/ModuleCache.noindex/Symbols-BFXU3ZRRMNVNSZWTXBG15P1Y1.pcm /tmp/tacklebox-six-features-20260909/derived/ModuleCache.noindex/_Builtin_intrinsics-7XBJZWIK28XCLUPOR5LB3KVH8.pcm /tmp/tacklebox-six-features-20260909/derived/ModuleCache.noindex/Metal-560XRAEHDYO5NPCRI64ZKRD1Y.pcm /tmp/tacklebox-six-features-20260909/derived/ModuleCache.noindex/_SwiftConcurrencyShims-AMZJ6FUS31SMF89Z2GP9FSKQM.pcm /tmp/tacklebox-six-features-20260909/derived/ModuleCache.noindex/UIUtilities-AIC3OKII5HZM8ZBH7BG5G653A.pcm /tmp/tacklebox-six-features-20260909/derived/ModuleCache.noindex/DataDetection-86IXGW9A7EMWVSCGVIUCQ0ROB.pcm /tmp/tacklebox-six-features-20260909/derived/ModuleCache.noindex/sys_types-BGEYBP19VOKOPFEL9HL6KVL4Z.pcm /tmp/tacklebox-six-features-20260909/derived/ModuleCache.noindex/simd-7V5I2RLRW3NDR8GK0UVH6L13G.pcm /tmp/tacklebox-six-features-20260909/derived/ModuleCache.noindex/_DarwinFoundation1-CXWQ2VOBLUZOSA92TQSB93B60.pcm /tmp/tacklebox-six-features-20260909/derived/ModuleCache.noindex/CoreTransferable-4GJCK2Y99NOH16SCCI5ELI4XJ.pcm /tmp/tacklebox-six-features-20260909/derived/ModuleCache.noindex/AudioToolbox-2EV2LYA7JFEGRCGLR4XNV6EJ.pcm /tmp/tacklebox-six-features-20260909/derived/ModuleCache.noindex/_Builtin_stdint-5NJAQPPN91Q60WOX01JPUHXBR.pcm /tmp/tacklebox-six-features-20260909/derived/ModuleCache.noindex/CFNetwork-2LFWGKJFNVXD3JYZN8MNN725M.pcm /tmp/tacklebox-six-features-20260909/derived/ModuleCache.noindex/BackgroundAssets-4EYAKWEEB14GMDFI2Z9H488B1.pcm /tmp/tacklebox-six-features-20260909/derived/ModuleCache.noindex/AVFoundation-F0X73FHA7GDYRNO2O3TTNE2HD.pcm /tmp/tacklebox-six-features-20260909/derived/ModuleCache.noindex/AVFAudio-8JABGWO8NKZW2XDCH53PRIUBK.pcm /tmp/tacklebox-six-features-20260909/derived/ModuleCache.noindex/CoreFoundation-AYQ49QPAB78ZXNT60AWA1JU1H.pcm /tmp/tacklebox-six-features-20260909/derived/ModuleCache.noindex/_Builtin_tgmath-DVRTR4D2NBEPM6409DJ232J39.pcm /tmp/tacklebox-six-features-20260909/derived/ModuleCache.noindex/Spatial-A2L8VASG3G6B9MK75DHOSK0VT.pcm /tmp/tacklebox-six-features-20260909/derived/ModuleCache.noindex/UserNotifications-4PBC485IHFOJI130J7RJKVTR7.pcm /tmp/tacklebox-six-features-20260909/derived/ModuleCache.noindex/ImageIO-DHZSGUV4EPFZETGOIUX848YPW.pcm /tmp/tacklebox-six-features-20260909/derived/ModuleCache.noindex/_LocationEssentials-WPEHCCCU0CKZ7M7EDARX1M3V.pcm /tmp/tacklebox-six-features-20260909/derived/ModuleCache.noindex/CoreText-7GX8RX3B1I0KKZ008RXRYUYZ8.pcm /tmp/tacklebox-six-features-20260909/derived/ModuleCache.noindex/_Builtin_stdatomic-4E5Y3IH2XIMLWX0DXG6R43JRB.pcm /tmp/tacklebox-six-features-20260909/derived/ModuleCache.noindex/IOSurface-5HOWRRJJDGBYDC06ES9IEE96P.pcm /tmp/tacklebox-six-features-20260909/derived/ModuleCache.noindex/CoreGraphics-CRFQC84AZ10AYHI4S8W5ED2C6.pcm /tmp/tacklebox-six-features-20260909/derived/ModuleCache.noindex/_Builtin_stdbool-42136AHVLN7N5CTNAXIXRNXWT.pcm /tmp/tacklebox-six-features-20260909/derived/ModuleCache.noindex/AVRouting-1RPSORVHX0NP08F0YAJ5Q2OKQ.pcm /tmp/tacklebox-six-features-20260909/derived/ModuleCache.noindex/XPC-BF3KX8O1F860HP5C5RHM87BSZ.pcm /tmp/tacklebox-six-features-20260909/derived/ModuleCache.noindex/ptrauth-O9BK0H75XE45WM7QXNMGLCM3.pcm /tmp/tacklebox-six-features-20260909/derived/ModuleCache.noindex/os_object-WD6BQO4V9N7BAVOMHMKMD3FJ.pcm /tmp/tacklebox-six-features-20260909/derived/ModuleCache.noindex/CoreImage-1EZNYT7L0E5YVEI3QFTVCRTSL.pcm /tmp/tacklebox-six-features-20260909/derived/ModuleCache.noindex/FileProvider-222LAFF04GQKN5Y6GI5GZ9B36.pcm /tmp/tacklebox-six-features-20260909/derived/ModuleCache.noindex/UIKit-V2DHNVICC0CPVNU7517WD79N.pcm /tmp/tacklebox-six-features-20260909/derived/ModuleCache.noindex/PDFKit-45BB3486RF0KUJP6U8061C0LJ.pcm /tmp/tacklebox-six-features-20260909/derived/ModuleCache.noindex/DeveloperToolsSupport-EVE09EX2D03XRT6222PFD9FJX.pcm /tmp/tacklebox-six-features-20260909/derived/ModuleCache.noindex/Network-5WM6L8R1JFI1BBG5LDGJC5R3Y.pcm /tmp/tacklebox-six-features-20260909/derived/ModuleCache.noindex/os-83X98XFPRUTIA62YR35ZKR0A5.pcm /tmp/tacklebox-six-features-20260909/derived/ModuleCache.noindex/CoreAudioTypes-3MPXP07CIW8N1V73O6G2HBVHL.pcm /tmp/tacklebox-six-features-20260909/derived/ModuleCache.noindex/ptrcheck-5JDZNCJ2VNDDHG0WR95KFB0LG.pcm /tmp/tacklebox-six-features-20260909/derived/ModuleCache.noindex/SwiftShims-YPLSFKVHP279S0YRPO3FFUSM.pcm /tmp/tacklebox-six-features-20260909/derived/ModuleCache.noindex/_Builtin_inttypes-34I23E6R19QG0UYLKLGEZXJC5.pcm /tmp/tacklebox-six-features-20260909/derived/ModuleCache.noindex/_DarwinFoundation3-AUU17HU42XJ1I9UR4YIIQPLCD.pcm /tmp/tacklebox-six-features-20260909/derived/ModuleCache.noindex/OpenGLES-7LV32N9N0B5RY3097Y9WAAHA6.pcm /tmp/tacklebox-six-features-20260909/derived/Build/Intermediates.noindex/Tacklebox.build/Release-iphonesimulator/Tacklebox.build/Objects-normal/arm64/Tacklebox-dependencies-2.json (in target 'Tacklebox' from project 'Tacklebox')
CompileSwift normal arm64 (in target 'Tacklebox' from project 'Tacklebox')
    cd /Volumes/working\ /recovery-2026-08-27/tacklebox-ios
    

SwiftCompile normal x86_64 Compiling\ CapturePolicy.swift,\ CatchDetailView.swift,\ CatchFilter.swift,\ CatchesView.swift,\ ConditionsService.swift,\ EditCatchView.swift,\ InsightsView.swift,\ JournalExport.swift,\ JournalImport.swift,\ LogCatchView.swift,\ MarineService.swift,\ Models.swift,\ OnboardingView.swift,\ PhotoBackup.swift,\ PhotoBackupFormat.swift,\ PhotoBackupView.swift,\ PhotoStrip.swift,\ RiverConditionsView.swift,\ RiverService.swift,\ RootView.swift,\ SeasonBook.swift,\ SeasonBookView.swift,\ SeedData.swift,\ SessionActivityAttributes.swift,\ SessionActivityManager.swift,\ SessionEditorView.swift,\ SessionsView.swift,\ SolunarPlaceStore.swift,\ SolunarService.swift,\ SolunarView.swift,\ SpeciesConnection.swift,\ SpeciesIDService.swift,\ SpeciesInfoService.swift,\ SpeciesRecordView.swift,\ TackleboxApp.swift,\ TackleboxView.swift,\ Theme.swift,\ TideMarineView.swift,\ TideService.swift,\ TripForecast.swift,\ TripPlannerView.swift,\ UnlimitedStore.swift,\ VaultView.swift,\ WatersView.swift,\ YearOnTheWaterView.swift,\ GeneratedAssetSymbols.swift /Volumes/working\ /recovery-2026-08-27/tacklebox-ios/Tacklebox/Domain/CapturePolicy.swift /Volumes/working\ /recovery-2026-08-27/tacklebox-ios/Tacklebox/Features/Catch/CatchDetailView.swift /Volumes/working\ /recovery-2026-08-27/tacklebox-ios/Tacklebox/Domain/CatchFilter.swift /Volumes/working\ /recovery-2026-08-27/tacklebox-ios/Tacklebox/Features/Catches/CatchesView.swift /Volumes/working\ /recovery-2026-08-27/tacklebox-ios/Tacklebox/Data/ConditionsService.swift /Volumes/working\ /recovery-2026-08-27/tacklebox-ios/Tacklebox/Features/Catch/EditCatchView.swift /Volumes/working\ /recovery-2026-08-27/tacklebox-ios/Tacklebox/Features/Insights/InsightsView.swift /Volumes/working\ /recovery-2026-08-27/tacklebox-ios/Tacklebox/Data/JournalExport.swift /Volumes/working\ /recovery-2026-08-27/tacklebox-ios/Tacklebox/Data/JournalImport.swift /Volumes/working\ /recovery-2026-08-27/tacklebox-ios/Tacklebox/Features/LogCatch/LogCatchView.swift /Volumes/working\ /recovery-2026-08-27/tacklebox-ios/Tacklebox/Features/Marine/MarineService.swift /Volumes/working\ /recovery-2026-08-27/tacklebox-ios/Tacklebox/Domain/Models.swift /Volumes/working\ /recovery-2026-08-27/tacklebox-ios/Tacklebox/Features/Shell/OnboardingView.swift /Volumes/working\ /recovery-2026-08-27/tacklebox-ios/Tacklebox/Data/PhotoBackup.swift /Volumes/working\ /recovery-2026-08-27/tacklebox-ios/Tacklebox/Data/PhotoBackupFormat.swift /Volumes/working\ /recovery-2026-08-27/tacklebox-ios/Tacklebox/Features/Backup/PhotoBackupView.swift /Volumes/working\ /recovery-2026-08-27/tacklebox-ios/Tacklebox/Features/Catch/PhotoStrip.swift /Volumes/working\ /recovery-2026-08-27/tacklebox-ios/Tacklebox/Features/River/RiverConditionsView.swift /Volumes/working\ /recovery-2026-08-27/tacklebox-ios/Tacklebox/Features/River/RiverService.swift /Volumes/working\ /recovery-2026-08-27/tacklebox-ios/Tacklebox/Features/Shell/RootView.swift /Volumes/working\ /recovery-2026-08-27/tacklebox-ios/Tacklebox/Features/YearReview/SeasonBook.swift /Volumes/working\ /recovery-2026-08-27/tacklebox-ios/Tacklebox/Features/YearReview/SeasonBookView.swift /Volumes/working\ /recovery-2026-08-27/tacklebox-ios/Tacklebox/Data/SeedData.swift /Volumes/working\ /recovery-2026-08-27/tacklebox-ios/Tacklebox/Features/Sessions/SessionActivityAttributes.swift /Volumes/working\ /recovery-2026-08-27/tacklebox-ios/Tacklebox/Features/Sessions/SessionActivityManager.swift /Volumes/working\ /recovery-2026-08-27/tacklebox-ios/Tacklebox/Features/Sessions/SessionEditorView.swift /Volumes/working\ /recovery-2026-08-27/tacklebox-ios/Tacklebox/Features/Sessions/SessionsView.swift /Volumes/working\ /recovery-2026-08-27/tacklebox-ios/Tacklebox/Features/Solunar/SolunarPlaceStore.swift /Volumes/working\ /recovery-2026-08-27/tacklebox-ios/Tacklebox/Features/Solunar/SolunarService.swift /Volumes/working\ /recovery-2026-08-27/tacklebox-ios/Tacklebox/Features/Solunar/SolunarView.swift /Volumes/working\ /recovery-2026-08-27/tacklebox-ios/Tacklebox/Features/Species/SpeciesConnection.swift /Volumes/working\ /recovery-2026-08-27/tacklebox-ios/Tacklebox/Features/Species/SpeciesIDService.swift /Volumes/working\ /recovery-2026-08-27/tacklebox-ios/Tacklebox/Features/Species/SpeciesInfoService.swift /Volumes/working\ /recovery-2026-08-27/tacklebox-ios/Tacklebox/Features/Vault/SpeciesRecordView.swift /Volumes/working\ /recovery-2026-08-27/tacklebox-ios/Tacklebox/App/TackleboxApp.swift /Volumes/working\ /recovery-2026-08-27/tacklebox-ios/Tacklebox/Features/Tacklebox/TackleboxView.swift /Volumes/working\ /recovery-2026-08-27/tacklebox-ios/Tacklebox/DesignSystem/Theme.swift /Volumes/working\ /recovery-2026-08-27/tacklebox-ios/Tacklebox/Features/Marine/TideMarineView.swift /Volumes/working\ /recovery-2026-08-27/tacklebox-ios/Tacklebox/Features/Marine/TideService.swift /Volumes/working\ /recovery-2026-08-27/tacklebox-ios/Tacklebox/Features/Planner/TripForecast.swift /Volumes/working\ /recovery-2026-08-27/tacklebox-ios/Tacklebox/Features/Planner/TripPlannerView.swift /Volumes/working\ /recovery-2026-08-27/tacklebox-ios/Tacklebox/Features/Access/UnlimitedStore.swift /Volumes/working\ /recovery-2026-08-27/tacklebox-ios/Tacklebox/Features/Vault/VaultView.swift /Volumes/working\ /recovery-2026-08-27/tacklebox-ios/Tacklebox/Features/Waters/WatersView.swift /Volumes/working\ /recovery-2026-08-27/tacklebox-ios/Tacklebox/Features/YearReview/YearOnTheWaterView.swift /tmp/tacklebox-six-features-20260909/derived/Build/Intermediates.noindex/Tacklebox.build/Release-iphonesimulator/Tacklebox.build/DerivedSources/GeneratedAssetSymbols.swift /Applications/Xcode.app/Contents/Developer/Toolchains/XcodeDefault.xctoolchain/usr/lib/swift/iphonesimulator/prebuilt-modules/26.5/CoreMedia.swiftmodule/x86_64-apple-ios-simulator.swiftmodule /Applications/Xcode.app/Contents/Developer/Toolchains/XcodeDefault.xctoolchain/usr/lib/swift/iphonesimulator/prebuilt-modules/26.5/CoreMIDI.swiftmodule/x86_64-apple-ios-simulator.swiftmodule /Applications/Xcode.app/Contents/Developer/Toolchains/XcodeDefault.xctoolchain/usr/lib/swift/iphonesimulator/prebuilt-modules/26.5/_DarwinFoundation3.swiftmodule/x86_64-apple-ios-simulator.swiftmodule /Applications/Xcode.app/Contents/Developer/Toolchains/XcodeDefault.xctoolchain/usr/lib/swift/iphonesimulator/prebuilt-modules/26.5/CoreFoundation.swiftmodule/x86_64-apple-ios-simulator.swiftmodule /Applications/Xcode.app/Contents/Developer/Toolchains/XcodeDefault.xctoolchain/usr/lib/swift/iphonesimulator/prebuilt-modules/26.5/FileProvider.swiftmodule/x86_64-apple-ios-simulator.swiftmodule /Applications/Xcode.app/Contents/Developer/Toolchains/XcodeDefault.xctoolchain/usr/lib/swift/iphonesimulator/prebuilt-modules/26.5/Accessibility.swiftmodule/x86_64-apple-ios-simulator.swiftmodule /Applications/Xcode.app/Contents/Developer/Toolchains/XcodeDefault.xctoolchain/usr/lib/swift/iphonesimulator/prebuilt-modules/26.5/Dispatch.swiftmodule/x86_64-apple-ios-simulator.swiftmodule /Applications/Xcode.app/Contents/Developer/Toolchains/XcodeDefault.xctoolchain/usr/lib/swift/iphonesimulator/prebuilt-modules/26.5/SwiftUICore.swiftmodule/x86_64-apple-ios-simulator.swiftmodule /Applications/Xcode.app/Contents/Developer/Toolchains/XcodeDefault.xctoolchain/usr/lib/swift/iphonesimulator/prebuilt-modules/26.5/os.swiftmodule/x86_64-apple-ios-simulator.swiftmodule /Applications/Xcode.app/Contents/Developer/Toolchains/XcodeDefault.xctoolchain/usr/lib/swift/iphonesimulator/prebuilt-modules/26.5/_SwiftData_SwiftUI.swiftmodule/x86_64-apple-ios-simulator.swiftmodule /Applications/Xcode.app/Contents/Developer/Toolchains/XcodeDefault.xctoolchain/usr/lib/swift/iphonesimulator/prebuilt-modules/26.5/PDFKit.swiftmodule/x86_64-apple-ios-simulator.swiftmodule /Applications/Xcode.app/Contents/Developer/Toolchains/XcodeDefault.xctoolchain/usr/lib/swift/iphonesimulator/prebuilt-modules/26.5/UIKit.swiftmodule/x86_64-apple-ios-simulator.swiftmodule /Applications/Xcode.app/Contents/Developer/Toolchains/XcodeDefault.xctoolchain/usr/lib/swift/iphonesimulator/prebuilt-modules/26.5/BackgroundAssets.swiftmodule/x86_64-apple-ios-simulator.swiftmodule /Applications/Xcode.app/Contents/Developer/Toolchains/XcodeDefault.xctoolchain/usr/lib/swift/iphonesimulator/prebuilt-modules/26.5/_DarwinFoundation1.swiftmodule/x86_64-apple-ios-simulator.swiftmodule /Applications/Xcode.app/Contents/Developer/Toolchains/XcodeDefault.xctoolchain/usr/lib/swift/iphonesimulator/prebuilt-modules/26.5/simd.swiftmodule/x86_64-apple-ios-simulator.swiftmodule /Applications/Xcode.app/Contents/Developer/Toolchains/XcodeDefault.xctoolchain/usr/lib/swift/iphonesimulator/prebuilt-modules/26.5/CoreData.swiftmodule/x86_64-apple-ios-simulator.swiftmodule /Applications/Xcode.app/Contents/Developer/Toolchains/XcodeDefault.xctoolchain/usr/lib/swift/iphonesimulator/prebuilt-modules/26.5/_StringProcessing.swiftmodule/x86_64-apple-ios-simulator.swiftmodule /Applications/Xcode.app/Contents/Developer/Toolchains/XcodeDefault.xctoolchain/usr/lib/swift/iphonesimulator/prebuilt-modules/26.5/DeveloperToolsSupport.swiftmodule/x86_64-apple-ios-simulator.swiftmodule /Applications/Xcode.app/Contents/Developer/Toolchains/XcodeDefault.xctoolchain/usr/lib/swift/iphonesimulator/prebuilt-modules/26.5/CoreImage.swiftmodule/x86_64-apple-ios-simulator.swiftmodule /Applications/Xcode.app/Contents/Developer/Toolchains/XcodeDefault.xctoolchain/usr/lib/swift/iphonesimulator/prebuilt-modules/26.5/Spatial.swiftmodule/x86_64-apple-ios-simulator.swiftmodule /Applications/Xcode.app/Contents/Developer/Toolchains/XcodeDefault.xctoolchain/usr/lib/swift/iphonesimulator/prebuilt-modules/26.5/ExtensionFoundation.swiftmodule/x86_64-apple-ios-simulator.swiftmodule /Applications/Xcode.app/Contents/Developer/Toolchains/XcodeDefault.xctoolchain/usr/lib/swift/iphonesimulator/prebuilt-modules/26.5/CoreText.swiftmodule/x86_64-apple-ios-simulator.swiftmodule /Applications/Xcode.app/Contents/Developer/Toolchains/XcodeDefault.xctoolchain/usr/lib/swift/iphonesimulator/prebuilt-modules/26.5/Synchronization.swiftmodule/x86_64-apple-ios-simulator.swiftmodule /Applications/Xcode.app/Contents/Developer/Toolchains/XcodeDefault.xctoolchain/usr/lib/swift/iphonesimulator/prebuilt-modules/26.5/Symbols.swiftmodule/x86_64-apple-ios-simulator.swiftmodule /Applications/Xcode.app/Contents/Developer/Toolchains/XcodeDefault.xctoolchain/usr/lib/swift/iphonesimulator/prebuilt-modules/26.5/Foundation.swiftmodule/x86_64-apple-ios-simulator.swiftmodule /Applications/Xcode.app/Contents/Developer/Toolchains/XcodeDefault.xctoolchain/usr/lib/swift/iphonesimulator/prebuilt-modules/26.5/Combine.swiftmodule/x86_64-apple-ios-simulator.swiftmodule /Applications/Xcode.app/Contents/Developer/Toolchains/XcodeDefault.xctoolchain/usr/lib/swift/iphonesimulator/prebuilt-modules/26.5/ObjectiveC.swiftmodule/x86_64-apple-ios-simulator.swiftmodule /Applications/Xcode.app/Contents/Developer/Toolchains/XcodeDefault.xctoolchain/usr/lib/swift/iphonesimulator/prebuilt-modules/26.5/SwiftOnoneSupport.swiftmodule/x86_64-apple-ios-simulator.swiftmodule /Applications/Xcode.app/Contents/Developer/Toolchains/XcodeDefault.xctoolchain/usr/lib/swift/iphonesimulator/prebuilt-modules/26.5/Photos.swiftmodule/x86_64-apple-ios-simulator.swiftmodule /Applications/Xcode.app/Contents/Developer/Toolchains/XcodeDefault.xctoolchain/usr/lib/swift/iphonesimulator/prebuilt-modules/26.5/SwiftData.swiftmodule/x86_64-apple-ios-simulator.swiftmodule /Applications/Xcode.app/Contents/Developer/Toolchains/XcodeDefault.xctoolchain/usr/lib/swift/iphonesimulator/prebuilt-modules/26.5/DataDetection.swiftmodule/x86_64-apple-ios-simulator.swiftmodule /Applications/Xcode.app/Contents/Developer/Toolchains/XcodeDefault.xctoolchain/usr/lib/swift/iphonesimulator/prebuilt-modules/26.5/UniformTypeIdentifiers.swiftmodule/x86_64-apple-ios-simulator.swiftmodule /Applications/Xcode.app/Contents/Developer/Toolchains/XcodeDefault.xctoolchain/usr/lib/swift/iphonesimulator/prebuilt-modules/26.5/AudioToolbox.swiftmodule/x86_64-apple-ios-simulator.swiftmodule /Applications/Xcode.app/Contents/Developer/Toolchains/XcodeDefault.xctoolchain/usr/lib/swift/iphonesimulator/prebuilt-modules/26.5/_Concurrency.swiftmodule/x86_64-apple-ios-simulator.swiftmodule /Applications/Xcode.app/Contents/Developer/Toolchains/XcodeDefault.xctoolchain/usr/lib/swift/iphonesimulator/prebuilt-modules/26.5/Swift.swiftmodule/x86_64-apple-ios-simulator.swiftmodule /Applications/Xcode.app/Contents/Developer/Toolchains/XcodeDefault.xctoolchain/usr/lib/swift/iphonesimulator/prebuilt-modules/26.5/_Builtin_float.swiftmodule/x86_64-apple-ios-simulator.swiftmodule /Applications/Xcode.app/Contents/Developer/Toolchains/XcodeDefault.xctoolchain/usr/lib/swift/iphonesimulator/prebuilt-modules/26.5/_DarwinFoundation2.swiftmodule/x86_64-apple-ios-simulator.swiftmodule /Applications/Xcode.app/Contents/Developer/Toolchains/XcodeDefault.xctoolchain/usr/lib/swift/iphonesimulator/prebuilt-modules/26.5/Distributed.swiftmodule/x86_64-apple-ios-simulator.swiftmodule /Applications/Xcode.app/Contents/Developer/Toolchains/XcodeDefault.xctoolchain/usr/lib/swift/iphonesimulator/prebuilt-modules/26.5/QuartzCore.swiftmodule/x86_64-apple-ios-simulator.swiftmodule /Applications/Xcode.app/Contents/Developer/Toolchains/XcodeDefault.xctoolchain/usr/lib/swift/iphonesimulator/prebuilt-modules/26.5/StoreKit.swiftmodule/x86_64-apple-ios-simulator.swiftmodule /Applications/Xcode.app/Contents/Developer/Toolchains/XcodeDefault.xctoolchain/usr/lib/swift/iphonesimulator/prebuilt-modules/26.5/Network.swiftmodule/x86_64-apple-ios-simulator.swiftmodule /Applications/Xcode.app/Contents/Developer/Toolchains/XcodeDefault.xctoolchain/usr/lib/swift/iphonesimulator/prebuilt-modules/26.5/CoreLocation.swiftmodule/x86_64-apple-ios-simulator.swiftmodule /Applications/Xcode.app/Contents/Developer/Toolchains/XcodeDefault.xctoolchain/usr/lib/swift/iphonesimulator/prebuilt-modules/26.5/CoreVideo.swiftmodule/x86_64-apple-ios-simulator.swiftmodule /Applications/Xcode.app/Contents/Developer/Toolchains/XcodeDefault.xctoolchain/usr/lib/swift/iphonesimulator/prebuilt-modules/26.5/AVFAudio.swiftmodule/x86_64-apple-ios-simulator.swiftmodule /Applications/Xcode.app/Contents/Developer/Toolchains/XcodeDefault.xctoolchain/usr/lib/swift/iphonesimulator/prebuilt-modules/26.5/System.swiftmodule/x86_64-apple-ios-simulator.swiftmodule /Applications/Xcode.app/Contents/Developer/Toolchains/XcodeDefault.xctoolchain/usr/lib/swift/iphonesimulator/prebuilt-modules/26.5/_AuthenticationServices_SwiftUI.swiftmodule/x86_64-apple-ios-simulator.swiftmodule /Applications/Xcode.app/Contents/Developer/Toolchains/XcodeDefault.xctoolchain/usr/lib/swift/iphonesimulator/prebuilt-modules/26.5/Observation.swiftmodule/x86_64-apple-ios-simulator.swiftmodule /Applications/Xcode.app/Contents/Developer/Toolchains/XcodeDefault.xctoolchain/usr/lib/swift/iphonesimulator/prebuilt-modules/26.5/_StoreKit_SwiftUI.swiftmodule/x86_64-apple-ios-simulator.swiftmodule /Applications/Xcode.app/Contents/Developer/Toolchains/XcodeDefault.xctoolchain/usr/lib/swift/iphonesimulator/prebuilt-modules/26.5/XPC.swiftmodule/x86_64-apple-ios-simulator.swiftmodule /Applications/Xcode.app/Contents/Developer/Toolchains/XcodeDefault.xctoolchain/usr/lib/swift/iphonesimulator/prebuilt-modules/26.5/CryptoKit.swiftmodule/x86_64-apple-ios-simulator.swiftmodule /Applications/Xcode.app/Contents/Developer/Toolchains/XcodeDefault.xctoolchain/usr/lib/swift/iphonesimulator/prebuilt-modules/26.5/ActivityKit.swiftmodule/x86_64-apple-ios-simulator.swiftmodule /Applications/Xcode.app/Contents/Developer/Toolchains/XcodeDefault.xctoolchain/usr/lib/swift/iphonesimulator/prebuilt-modules/26.5/CoreTransferable.swiftmodule/x86_64-apple-ios-simulator.swiftmodule /Applications/Xcode.app/Contents/Developer/Toolchains/XcodeDefault.xctoolchain/usr/lib/swift/iphonesimulator/prebuilt-modules/26.5/CoreGraphics.swiftmodule/x86_64-apple-ios-simulator.swiftmodule /Applications/Xcode.app/Contents/Developer/Toolchains/XcodeDefault.xctoolchain/usr/lib/swift/iphonesimulator/prebuilt-modules/26.5/LocalAuthentication.swiftmodule/x86_64-apple-ios-simulator.swiftmodule /Applications/Xcode.app/Contents/Developer/Toolchains/XcodeDefault.xctoolchain/usr/lib/swift/iphonesimulator/prebuilt-modules/26.5/CoreAudio.swiftmodule/x86_64-apple-ios-simulator.swiftmodule /Applications/Xcode.app/Contents/Developer/Toolchains/XcodeDefault.xctoolchain/usr/lib/swift/iphonesimulator/prebuilt-modules/26.5/PhotosUI.swiftmodule/x86_64-apple-ios-simulator.swiftmodule /Applications/Xcode.app/Contents/Developer/Toolchains/XcodeDefault.xctoolchain/usr/lib/swift/iphonesimulator/prebuilt-modules/26.5/SwiftUI.swiftmodule/x86_64-apple-ios-simulator.swiftmodule /Applications/Xcode.app/Contents/Developer/Toolchains/XcodeDefault.xctoolchain/usr/lib/swift/iphonesimulator/prebuilt-modules/26.5/_PhotosUI_SwiftUI.swiftmodule/x86_64-apple-ios-simulator.swiftmodule /Applications/Xcode.app/Contents/Developer/Toolchains/XcodeDefault.xctoolchain/usr/lib/swift/iphonesimulator/prebuilt-modules/26.5/AVFoundation.swiftmodule/x86_64-apple-ios-simulator.swiftmodule /Applications/Xcode.app/Contents/Developer/Toolchains/XcodeDefault.xctoolchain/usr/lib/swift/iphonesimulator/prebuilt-modules/26.5/AuthenticationServices.swiftmodule/x86_64-apple-ios-simulator.swiftmodule /Applications/Xcode.app/Contents/Developer/Toolchains/XcodeDefault.xctoolchain/usr/lib/swift/iphonesimulator/prebuilt-modules/26.5/Metal.swiftmodule/x86_64-apple-ios-simulator.swiftmodule /Applications/Xcode.app/Contents/Developer/Toolchains/XcodeDefault.xctoolchain/usr/lib/swift/iphonesimulator/prebuilt-modules/26.5/Darwin.swiftmodule/x86_64-apple-ios-simulator.swiftmodule /Applications/Xcode.app/Contents/Developer/Toolchains/XcodeDefault.xctoolchain/usr/lib/swift/iphonesimulator/prebuilt-modules/26.5/OSLog.swiftmodule/x86_64-apple-ios-simulator.swiftmodule /Applications/Xcode.app/Contents/Developer/Toolchains/XcodeDefault.xctoolchain/usr/lib/swift/iphonesimulator/prebuilt-modules/26.5/Charts.swiftmodule/x86_64-apple-ios-simulator.swiftmodule /tmp/tacklebox-six-features-20260909/derived/ModuleCache.noindex/Photos-DT4V0758Z8016EOJ4EHCNYNJD.pcm /tmp/tacklebox-six-features-20260909/derived/ModuleCache.noindex/_Builtin_stdbool-AFLJFAN9BNYPVXT85KJ7V71ZX.pcm /tmp/tacklebox-six-features-20260909/derived/ModuleCache.noindex/_Builtin_tgmath-7DNMG8VNM3B5MYUV14MLR8S2.pcm /tmp/tacklebox-six-features-20260909/derived/ModuleCache.noindex/Metal-E0NZ6M8BY7Y7IVOMY20EWP32J.pcm /tmp/tacklebox-six-features-20260909/derived/ModuleCache.noindex/_Builtin_inttypes-1SSZH2UYML9XFJTHBRVY3L8LC.pcm /tmp/tacklebox-six-features-20260909/derived/ModuleCache.noindex/SwiftUI-7NU8QXQNH3CS27AEUV9AT10GH.pcm /tmp/tacklebox-six-features-20260909/derived/ModuleCache.noindex/_Builtin_stdint-164VLIBHL1PKVYYEAQBV5HDD0.pcm /tmp/tacklebox-six-features-20260909/derived/ModuleCache.noindex/CoreLocation-4NYVB2J2Y4U76IAVYD1IJ0JR5.pcm /tmp/tacklebox-six-features-20260909/derived/ModuleCache.noindex/AVFAudio-EG31SWJB42XLCFKCNLQL805I3.pcm /tmp/tacklebox-six-features-20260909/derived/ModuleCache.noindex/UIKit-DGRBME5SWN5NML7LQ5PDDT62I.pcm /tmp/tacklebox-six-features-20260909/derived/ModuleCache.noindex/_SwiftConcurrencyShims-AY4IL7RBDSW7BG1VOHAOCUZWW.pcm /tmp/tacklebox-six-features-20260909/derived/ModuleCache.noindex/_DarwinFoundation3-E9M3VKDJBGCWCHQCOGVB90M5A.pcm /tmp/tacklebox-six-features-20260909/derived/ModuleCache.noindex/AVFoundation-5DAVTJFXP3PO7RYY4MV6J0P1V.pcm /tmp/tacklebox-six-features-20260909/derived/ModuleCache.noindex/_StoreKit_SwiftUI-9KZENI4P1FTPSM5NPSJ5FMPKW.pcm /tmp/tacklebox-six-features-20260909/derived/ModuleCache.noindex/FileProvider-BK9SDX6X5L83W4AIWB9UOQYK1.pcm /tmp/tacklebox-six-features-20260909/derived/ModuleCache.noindex/_AvailabilityInternal-EC5B10FS3461IGOUMJLXQ5VSN.pcm /tmp/tacklebox-six-features-20260909/derived/ModuleCache.noindex/ptrauth-BCWSMVCS4C1WPVYIZK8SWXIHX.pcm /tmp/tacklebox-six-features-20260909/derived/ModuleCache.noindex/CoreImage-7BTPGW7LOW21CNBW9CVCKAV9Z.pcm /tmp/tacklebox-six-features-20260909/derived/ModuleCache.noindex/MediaToolbox-81USRRRCZYY50DXM7YYQ055G6.pcm /tmp/tacklebox-six-features-20260909/derived/ModuleCache.noindex/CoreVideo-7JCUDW8AXWJL4SMI9Q1LIOADG.pcm /tmp/tacklebox-six-features-20260909/derived/ModuleCache.noindex/ActivityKit-5KXV10CT64BJDOFAU94BN7IF8.pcm /tmp/tacklebox-six-features-20260909/derived/ModuleCache.noindex/UniformTypeIdentifiers-1JX49NJ6DFFGBP37SOKP8GPOG.pcm /tmp/tacklebox-six-features-20260909/derived/ModuleCache.noindex/Darwin-32XB6P1J45Y184NY5NIDA04PA.pcm /tmp/tacklebox-six-features-20260909/derived/ModuleCache.noindex/CoreText-COWHNHRX19H1CM7K6V19DR4D.pcm /tmp/tacklebox-six-features-20260909/derived/ModuleCache.noindex/simd-6Z5OX3CEKRHRANCY6WA78TR0F.pcm /tmp/tacklebox-six-features-20260909/derived/ModuleCache.noindex/UIUtilities-3DZ96YRECDKUKLOS0022AGPCL.pcm /tmp/tacklebox-six-features-20260909/derived/ModuleCache.noindex/SwiftUICore-3TNB25DTX2JM9Z0YKHRYUE4NT.pcm /tmp/tacklebox-six-features-20260909/derived/ModuleCache.noindex/OpenGLES-CVR4DK7YOAG5G8V19C94KH5VH.pcm /tmp/tacklebox-six-features-20260909/derived/ModuleCache.noindex/PhotosUI-8F78A5TQTVLCBFDUIEOXLS26Q.pcm /tmp/tacklebox-six-features-20260909/derived/ModuleCache.noindex/Spatial-2ZTJ3S9ONAPD1QR8GNLCQ5GXJ.pcm /tmp/tacklebox-six-features-20260909/derived/ModuleCache.noindex/os-E96G96XVRUZLPVE77SHQ2XZLQ.pcm /tmp/tacklebox-six-features-20260909/derived/ModuleCache.noindex/QuartzCore-AVPSSMGLYE2II52PL02E9H3PH.pcm /tmp/tacklebox-six-features-20260909/derived/ModuleCache.noindex/_DarwinFoundation2-A0XMU7F1Q0KUFFUF8IXR49OVP.pcm /tmp/tacklebox-six-features-20260909/derived/ModuleCache.noindex/MachO-AU61O1GC89SC4KATF9J7XB7Q2.pcm /tmp/tacklebox-six-features-20260909/derived/ModuleCache.noindex/ExtensionFoundation-7M55DFR1GHG7N3BHCRHLBGQW7.pcm /tmp/tacklebox-six-features-20260909/derived/ModuleCache.noindex/sys_types-BK83FL7N4M0C9MTJZZDM2PBWC.pcm /tmp/tacklebox-six-features-20260909/derived/ModuleCache.noindex/IOSurface-6UHN61AQ4GQPIIYZSXH4VLLLF.pcm /tmp/tacklebox-six-features-20260909/derived/ModuleCache.noindex/BackgroundAssets-D3SCZT6Z9KKNM4OXHM6XS7SK2.pcm /tmp/tacklebox-six-features-20260909/derived/ModuleCache.noindex/os_object-878P3KPGA9LZFQZZIYKEXK9VV.pcm /tmp/tacklebox-six-features-20260909/derived/ModuleCache.noindex/Foundation-AP9AJRFIWEKWL1X1CK68GO2YU.pcm /tmp/tacklebox-six-features-20260909/derived/ModuleCache.noindex/OSLog-3VOUGQABR6TMRF9MYGCETTEIR.pcm /tmp/tacklebox-six-features-20260909/derived/ModuleCache.noindex/SwiftShims-6EVXOHE1FBKOA4M7T4DZCHFTR.pcm /tmp/tacklebox-six-features-20260909/derived/ModuleCache.noindex/CoreMedia-63DO4EWYP3KCISZFDUM02H5X2.pcm /tmp/tacklebox-six-features-20260909/derived/ModuleCache.noindex/Symbols-BSDPVJDWG8E27PUASOFO4YZSF.pcm /tmp/tacklebox-six-features-20260909/derived/ModuleCache.noindex/CoreAudioTypes-8OQ50J63VTJT9OEZVEY7HKZTJ.pcm /tmp/tacklebox-six-features-20260909/derived/ModuleCache.noindex/XPC-BGIZI5EZPVOKAPK9IH8M97LB1.pcm /tmp/tacklebox-six-features-20260909/derived/ModuleCache.noindex/_Builtin_stddef-XTTAQBGQ5IG2U4IC5JCTHIK9.pcm /tmp/tacklebox-six-features-20260909/derived/ModuleCache.noindex/DataDetection-6F19HL2C7NU39HWXN9P08KBDO.pcm /tmp/tacklebox-six-features-20260909/derived/ModuleCache.noindex/StoreKit-BOT6T3RF7UHDB2EWDJEAZYJHN.pcm /tmp/tacklebox-six-features-20260909/derived/ModuleCache.noindex/Dispatch-DSN35H2DX0ZTRMRN3Z5J4N6TW.pcm /tmp/tacklebox-six-features-20260909/derived/ModuleCache.noindex/Network-4F26LD9TZ4CH4AC9MB1LZO0K9.pcm /tmp/tacklebox-six-features-20260909/derived/ModuleCache.noindex/_Builtin_stdarg-6M4NWG4LIRVLURZUQCOI94KQW.pcm /tmp/tacklebox-six-features-20260909/derived/ModuleCache.noindex/_LocationEssentials-DGCZ3QVO9EDR43UDHQ6MDYB5K.pcm /tmp/tacklebox-six-features-20260909/derived/ModuleCache.noindex/CoreData-CJCG4UDZ5J61BNMAAGVSVU94K.pcm /tmp/tacklebox-six-features-20260909/derived/ModuleCache.noindex/CoreTransferable-7VHY4B97W5TZK6SYZ4690AW4P.pcm /tmp/tacklebox-six-features-20260909/derived/ModuleCache.noindex/_Builtin_stdatomic-3F4V4V4P9J78OFP7OU2OK6HIT.pcm /tmp/tacklebox-six-features-20260909/derived/ModuleCache.noindex/UserNotifications-6EDF8CVIBDU0PUNJZDKD0II6M.pcm /tmp/tacklebox-six-features-20260909/derived/ModuleCache.noindex/AVRouting-JVECNMBHIHBVERX1PRJCMIAO.pcm /tmp/tacklebox-six-features-20260909/derived/ModuleCache.noindex/Accessibility-CYW7K0NNCJFHM70WFOS1EBF1R.pcm /tmp/tacklebox-six-features-20260909/derived/ModuleCache.noindex/dnssd-4PFYUBQKQBYY8P47COP4D1U3S.pcm /tmp/tacklebox-six-features-20260909/derived/ModuleCache.noindex/_Builtin_limits-2COHLQGG8HIKRJ6VZS1L62NWM.pcm /tmp/tacklebox-six-features-20260909/derived/ModuleCache.noindex/CFNetwork-7J3FF404VQBQNSS9XOR2N1VRK.pcm /tmp/tacklebox-six-features-20260909/derived/ModuleCache.noindex/AudioToolbox-9XQGU4MSZ3N358RZ6SRGGA7W4.pcm /tmp/tacklebox-six-features-20260909/derived/ModuleCache.noindex/LocalAuthentication-1L1YQQI0YKMAT2GZAA0YZDPDV.pcm /tmp/tacklebox-six-features-20260909/derived/ModuleCache.noindex/Security-276VYO4W36OW4U1BE9HGCWWHG.pcm /tmp/tacklebox-six-features-20260909/derived/ModuleCache.noindex/os_workgroup-AF2PHCRQBPA5HM0FT3RF1RZDN.pcm /tmp/tacklebox-six-features-20260909/derived/ModuleCache.noindex/CoreAudio-CUDNDPCU88VEBDY575Q7U3GBM.pcm /tmp/tacklebox-six-features-20260909/derived/ModuleCache.noindex/DeveloperToolsSupport-6YMBQIPXQ2KUE0W9N33HNGD66.pcm /tmp/tacklebox-six-features-20260909/derived/ModuleCache.noindex/PDFKit-AGLIK7527NHSZDULL36YD1JFF.pcm /tmp/tacklebox-six-features-20260909/derived/ModuleCache.noindex/ImageIO-CIRSR832AVG417737T8YLHIJV.pcm /tmp/tacklebox-six-features-20260909/derived/ModuleCache.noindex/ptrcheck-1D3OW803QGVBASXHPHS4406O3.pcm /tmp/tacklebox-six-features-20260909/derived/ModuleCache.noindex/_DarwinFoundation1-A7ARCZTHAX1FI54IJ96DCUOD2.pcm /tmp/tacklebox-six-features-20260909/derived/ModuleCache.noindex/_Builtin_intrinsics-DJ7SY2VAPIFU4VH8UTLGWTNV6.pcm /tmp/tacklebox-six-features-20260909/derived/ModuleCache.noindex/CoreGraphics-70KKLJCJFQ25FAI59HHMP1IP3.pcm /tmp/tacklebox-six-features-20260909/derived/ModuleCache.noindex/ObjectiveC-2Y9UERWC19FJS0VPI0HMEHUPG.pcm /tmp/tacklebox-six-features-20260909/derived/ModuleCache.noindex/CoreMIDI-11JHREHO5VFXBWLYCSWNLKY2.pcm /tmp/tacklebox-six-features-20260909/derived/ModuleCache.noindex/CoreFoundation-E76UL0ADWXW0W8ALZQ6KFN7CX.pcm /tmp/tacklebox-six-features-20260909/derived/ModuleCache.noindex/_Builtin_float-44OSCWWIBM4U8LUUKH7V1H3B6.pcm /tmp/tacklebox-six-features-20260909/derived/ModuleCache.noindex/AuthenticationServices-COQ3Q975S3ILLDN06NGBJ9EY5.pcm /tmp/tacklebox-six-features-20260909/derived/Build/Intermediates.noindex/Tacklebox.build/Release-iphonesimulator/Tacklebox.build/Objects-normal/x86_64/Tacklebox-dependencies-1.json (in target 'Tacklebox' from project 'Tacklebox')
CompileSwift normal x86_64 (in target 'Tacklebox' from project 'Tacklebox')
    cd /Volumes/working\ /recovery-2026-08-27/tacklebox-ios
    

LinkAssetCatalog /Volumes/working\ /recovery-2026-08-27/tacklebox-ios/Tacklebox/Resources/Assets.xcassets (in target 'Tacklebox' from project 'Tacklebox')
    cd /Volumes/working\ /recovery-2026-08-27/tacklebox-ios
    builtin-linkAssetCatalog --thinned /tmp/tacklebox-six-features-20260909/derived/Build/Intermediates.noindex/Tacklebox.build/Release-iphonesimulator/Tacklebox.build/assetcatalog_output/thinned --thinned-dependencies /tmp/tacklebox-six-features-20260909/derived/Build/Intermediates.noindex/Tacklebox.build/Release-iphonesimulator/Tacklebox.build/assetcatalog_dependencies_thinned --thinned-info-plist-content /tmp/tacklebox-six-features-20260909/derived/Build/Intermediates.noindex/Tacklebox.build/Release-iphonesimulator/Tacklebox.build/assetcatalog_generated_info.plist_thinned --unthinned /tmp/tacklebox-six-features-20260909/derived/Build/Intermediates.noindex/Tacklebox.build/Release-iphonesimulator/Tacklebox.build/assetcatalog_output/unthinned --unthinned-dependencies /tmp/tacklebox-six-features-20260909/derived/Build/Intermediates.noindex/Tacklebox.build/Release-iphonesimulator/Tacklebox.build/assetcatalog_dependencies_unthinned --unthinned-info-plist-content /tmp/tacklebox-six-features-20260909/derived/Build/Intermediates.noindex/Tacklebox.build/Release-iphonesimulator/Tacklebox.build/assetcatalog_generated_info.plist_unthinned --output /tmp/tacklebox-six-features-20260909/derived/Build/Products/Release-iphonesimulator/Tacklebox.app --plist-output /tmp/tacklebox-six-features-20260909/derived/Build/Intermediates.noindex/Tacklebox.build/Release-iphonesimulator/Tacklebox.build/assetcatalog_generated_info.plist
note: Emplaced /tmp/tacklebox-six-features-20260909/derived/Build/Products/Release-iphonesimulator/Tacklebox.app/AppIcon60x60@2x.png (in target 'Tacklebox' from project 'Tacklebox')
note: Emplaced /tmp/tacklebox-six-features-20260909/derived/Build/Products/Release-iphonesimulator/Tacklebox.app/AppIcon76x76@2x~ipad.png (in target 'Tacklebox' from project 'Tacklebox')
note: Emplaced /tmp/tacklebox-six-features-20260909/derived/Build/Products/Release-iphonesimulator/Tacklebox.app/Assets.car (in target 'Tacklebox' from project 'Tacklebox')

SwiftDriverJobDiscovery normal arm64 Compiling CapturePolicy.swift, CatchDetailView.swift, CatchFilter.swift, CatchesView.swift, ConditionsService.swift, EditCatchView.swift, InsightsView.swift, JournalExport.swift, JournalImport.swift, LogCatchView.swift, MarineService.swift, Models.swift, OnboardingView.swift, PhotoBackup.swift, PhotoBackupFormat.swift, PhotoBackupView.swift, PhotoStrip.swift, RiverConditionsView.swift, RiverService.swift, RootView.swift, SeasonBook.swift, SeasonBookView.swift, SeedData.swift, SessionActivityAttributes.swift, SessionActivityManager.swift, SessionEditorView.swift, SessionsView.swift, SolunarPlaceStore.swift, SolunarService.swift, SolunarView.swift, SpeciesConnection.swift, SpeciesIDService.swift, SpeciesInfoService.swift, SpeciesRecordView.swift, TackleboxApp.swift, TackleboxView.swift, Theme.swift, TideMarineView.swift, TideService.swift, TripForecast.swift, TripPlannerView.swift, UnlimitedStore.swift, VaultView.swift, WatersView.swift, YearOnTheWaterView.swift, GeneratedAssetSymbols.swift (in target 'Tacklebox' from project 'Tacklebox')

SwiftDriver\ Compilation\ Requirements Tacklebox normal arm64 com.apple.xcode.tools.swift.compiler (in target 'Tacklebox' from project 'Tacklebox')
    cd /Volumes/working\ /recovery-2026-08-27/tacklebox-ios
    builtin-Swift-Compilation-Requirements -- /Applications/Xcode.app/Contents/Developer/Toolchains/XcodeDefault.xctoolchain/usr/bin/swiftc -module-name Tacklebox -O -whole-module-optimization @/tmp/tacklebox-six-features-20260909/derived/Build/Intermediates.noindex/Tacklebox.build/Release-iphonesimulator/Tacklebox.build/Objects-normal/arm64/Tacklebox.SwiftFileList -enable-bare-slash-regex -enable-experimental-feature DebugDescriptionMacro -sdk /Applications/Xcode.app/Contents/Developer/Platforms/iPhoneSimulator.platform/Developer/SDKs/iPhoneSimulator26.5.sdk -target arm64-apple-ios17.0-simulator -g -module-cache-path /tmp/tacklebox-six-features-20260909/derived/ModuleCache.noindex -Xfrontend -serialize-debugging-options -swift-version 5 -I /tmp/tacklebox-six-features-20260909/derived/Build/Products/Release-iphonesimulator -F /tmp/tacklebox-six-features-20260909/derived/Build/Products/Release-iphonesimulator -c -num-threads 12 -Xcc -ivfsstatcache -Xcc /tmp/tacklebox-six-features-20260909/derived/SDKStatCaches.noindex/iphonesimulator26.5-23F81a-6cfe768891a92b912361537c460fe42b.sdkstatcache -output-file-map /tmp/tacklebox-six-features-20260909/derived/Build/Intermediates.noindex/Tacklebox.build/Release-iphonesimulator/Tacklebox.build/Objects-normal/arm64/Tacklebox-OutputFileMap.json -use-frontend-parseable-output -save-temps -no-color-diagnostics -explicit-module-build -module-cache-path /tmp/tacklebox-six-features-20260909/derived/Build/Intermediates.noindex/SwiftExplicitPrecompiledModules -clang-scanner-module-cache-path /tmp/tacklebox-six-features-20260909/derived/ModuleCache.noindex -sdk-module-cache-path /tmp/tacklebox-six-features-20260909/derived/ModuleCache.noindex -serialize-diagnostics -emit-dependencies -emit-module -emit-module-path /tmp/tacklebox-six-features-20260909/derived/Build/Intermediates.noindex/Tacklebox.build/Release-iphonesimulator/Tacklebox.build/Objects-normal/arm64/Tacklebox.swiftmodule -validate-clang-modules-once -clang-build-session-file /tmp/tacklebox-six-features-20260909/derived/ModuleCache.noindex/Session.modulevalidation -Xcc -I/tmp/tacklebox-six-features-20260909/derived/Build/Intermediates.noindex/Tacklebox.build/Release-iphonesimulator/Tacklebox.build/swift-overrides.hmap -emit-const-values -Xfrontend -const-gather-protocols-file -Xfrontend /tmp/tacklebox-six-features-20260909/derived/Build/Intermediates.noindex/Tacklebox.build/Release-iphonesimulator/Tacklebox.build/Objects-normal/arm64/Tacklebox_const_extract_protocols.json -Xcc -iquote -Xcc /tmp/tacklebox-six-features-20260909/derived/Build/Intermediates.noindex/Tacklebox.build/Release-iphonesimulator/Tacklebox.build/Tacklebox-generated-files.hmap -Xcc -I/tmp/tacklebox-six-features-20260909/derived/Build/Intermediates.noindex/Tacklebox.build/Release-iphonesimulator/Tacklebox.build/Tacklebox-own-target-headers.hmap -Xcc -I/tmp/tacklebox-six-features-20260909/derived/Build/Intermediates.noindex/Tacklebox.build/Release-iphonesimulator/Tacklebox.build/Tacklebox-all-target-headers.hmap -Xcc -iquote -Xcc /tmp/tacklebox-six-features-20260909/derived/Build/Intermediates.noindex/Tacklebox.build/Release-iphonesimulator/Tacklebox.build/Tacklebox-project-headers.hmap -Xcc -I/tmp/tacklebox-six-features-20260909/derived/Build/Products/Release-iphonesimulator/include -Xcc -I/tmp/tacklebox-six-features-20260909/derived/Build/Intermediates.noindex/Tacklebox.build/Release-iphonesimulator/Tacklebox.build/DerivedSources-normal/arm64 -Xcc -I/tmp/tacklebox-six-features-20260909/derived/Build/Intermediates.noindex/Tacklebox.build/Release-iphonesimulator/Tacklebox.build/DerivedSources/arm64 -Xcc -I/tmp/tacklebox-six-features-20260909/derived/Build/Intermediates.noindex/Tacklebox.build/Release-iphonesimulator/Tacklebox.build/DerivedSources -emit-objc-header -emit-objc-header-path /tmp/tacklebox-six-features-20260909/derived/Build/Intermediates.noindex/Tacklebox.build/Release-iphonesimulator/Tacklebox.build/Objects-normal/arm64/Tacklebox-Swift.h -working-directory /Volumes/working\ /recovery-2026-08-27/tacklebox-ios -no-emit-module-separately-wmo

Copy /tmp/tacklebox-six-features-20260909/derived/Build/Products/Release-iphonesimulator/Tacklebox.swiftmodule/arm64-apple-ios-simulator.swiftdoc /tmp/tacklebox-six-features-20260909/derived/Build/Intermediates.noindex/Tacklebox.build/Release-iphonesimulator/Tacklebox.build/Objects-normal/arm64/Tacklebox.swiftdoc (in target 'Tacklebox' from project 'Tacklebox')
    cd /Volumes/working\ /recovery-2026-08-27/tacklebox-ios
    builtin-copy -exclude .DS_Store -exclude CVS -exclude .svn -exclude .git -exclude .hg -resolve-src-symlinks -rename /tmp/tacklebox-six-features-20260909/derived/Build/Intermediates.noindex/Tacklebox.build/Release-iphonesimulator/Tacklebox.build/Objects-normal/arm64/Tacklebox.swiftdoc /tmp/tacklebox-six-features-20260909/derived/Build/Products/Release-iphonesimulator/Tacklebox.swiftmodule/arm64-apple-ios-simulator.swiftdoc

Copy /tmp/tacklebox-six-features-20260909/derived/Build/Products/Release-iphonesimulator/Tacklebox.swiftmodule/arm64-apple-ios-simulator.abi.json /tmp/tacklebox-six-features-20260909/derived/Build/Intermediates.noindex/Tacklebox.build/Release-iphonesimulator/Tacklebox.build/Objects-normal/arm64/Tacklebox.abi.json (in target 'Tacklebox' from project 'Tacklebox')
    cd /Volumes/working\ /recovery-2026-08-27/tacklebox-ios
    builtin-copy -exclude .DS_Store -exclude CVS -exclude .svn -exclude .git -exclude .hg -resolve-src-symlinks -rename /tmp/tacklebox-six-features-20260909/derived/Build/Intermediates.noindex/Tacklebox.build/Release-iphonesimulator/Tacklebox.build/Objects-normal/arm64/Tacklebox.abi.json /tmp/tacklebox-six-features-20260909/derived/Build/Products/Release-iphonesimulator/Tacklebox.swiftmodule/arm64-apple-ios-simulator.abi.json

Copy /tmp/tacklebox-six-features-20260909/derived/Build/Products/Release-iphonesimulator/Tacklebox.swiftmodule/arm64-apple-ios-simulator.swiftmodule /tmp/tacklebox-six-features-20260909/derived/Build/Intermediates.noindex/Tacklebox.build/Release-iphonesimulator/Tacklebox.build/Objects-normal/arm64/Tacklebox.swiftmodule (in target 'Tacklebox' from project 'Tacklebox')
    cd /Volumes/working\ /recovery-2026-08-27/tacklebox-ios
    builtin-copy -exclude .DS_Store -exclude CVS -exclude .svn -exclude .git -exclude .hg -resolve-src-symlinks -rename /tmp/tacklebox-six-features-20260909/derived/Build/Intermediates.noindex/Tacklebox.build/Release-iphonesimulator/Tacklebox.build/Objects-normal/arm64/Tacklebox.swiftmodule /tmp/tacklebox-six-features-20260909/derived/Build/Products/Release-iphonesimulator/Tacklebox.swiftmodule/arm64-apple-ios-simulator.swiftmodule

Copy /tmp/tacklebox-six-features-20260909/derived/Build/Products/Release-iphonesimulator/Tacklebox.swiftmodule/Project/arm64-apple-ios-simulator.swiftsourceinfo /tmp/tacklebox-six-features-20260909/derived/Build/Intermediates.noindex/Tacklebox.build/Release-iphonesimulator/Tacklebox.build/Objects-normal/arm64/Tacklebox.swiftsourceinfo (in target 'Tacklebox' from project 'Tacklebox')
    cd /Volumes/working\ /recovery-2026-08-27/tacklebox-ios
    builtin-copy -exclude .DS_Store -exclude CVS -exclude .svn -exclude .git -exclude .hg -resolve-src-symlinks -rename /tmp/tacklebox-six-features-20260909/derived/Build/Intermediates.noindex/Tacklebox.build/Release-iphonesimulator/Tacklebox.build/Objects-normal/arm64/Tacklebox.swiftsourceinfo /tmp/tacklebox-six-features-20260909/derived/Build/Products/Release-iphonesimulator/Tacklebox.swiftmodule/Project/arm64-apple-ios-simulator.swiftsourceinfo

SwiftDriverJobDiscovery normal x86_64 Compiling CapturePolicy.swift, CatchDetailView.swift, CatchFilter.swift, CatchesView.swift, ConditionsService.swift, EditCatchView.swift, InsightsView.swift, JournalExport.swift, JournalImport.swift, LogCatchView.swift, MarineService.swift, Models.swift, OnboardingView.swift, PhotoBackup.swift, PhotoBackupFormat.swift, PhotoBackupView.swift, PhotoStrip.swift, RiverConditionsView.swift, RiverService.swift, RootView.swift, SeasonBook.swift, SeasonBookView.swift, SeedData.swift, SessionActivityAttributes.swift, SessionActivityManager.swift, SessionEditorView.swift, SessionsView.swift, SolunarPlaceStore.swift, SolunarService.swift, SolunarView.swift, SpeciesConnection.swift, SpeciesIDService.swift, SpeciesInfoService.swift, SpeciesRecordView.swift, TackleboxApp.swift, TackleboxView.swift, Theme.swift, TideMarineView.swift, TideService.swift, TripForecast.swift, TripPlannerView.swift, UnlimitedStore.swift, VaultView.swift, WatersView.swift, YearOnTheWaterView.swift, GeneratedAssetSymbols.swift (in target 'Tacklebox' from project 'Tacklebox')

SwiftDriver\ Compilation\ Requirements Tacklebox normal x86_64 com.apple.xcode.tools.swift.compiler (in target 'Tacklebox' from project 'Tacklebox')
    cd /Volumes/working\ /recovery-2026-08-27/tacklebox-ios
    builtin-Swift-Compilation-Requirements -- /Applications/Xcode.app/Contents/Developer/Toolchains/XcodeDefault.xctoolchain/usr/bin/swiftc -module-name Tacklebox -O -whole-module-optimization @/tmp/tacklebox-six-features-20260909/derived/Build/Intermediates.noindex/Tacklebox.build/Release-iphonesimulator/Tacklebox.build/Objects-normal/x86_64/Tacklebox.SwiftFileList -enable-bare-slash-regex -enable-experimental-feature DebugDescriptionMacro -sdk /Applications/Xcode.app/Contents/Developer/Platforms/iPhoneSimulator.platform/Developer/SDKs/iPhoneSimulator26.5.sdk -target x86_64-apple-ios17.0-simulator -g -module-cache-path /tmp/tacklebox-six-features-20260909/derived/ModuleCache.noindex -Xfrontend -serialize-debugging-options -swift-version 5 -I /tmp/tacklebox-six-features-20260909/derived/Build/Products/Release-iphonesimulator -F /tmp/tacklebox-six-features-20260909/derived/Build/Products/Release-iphonesimulator -c -num-threads 12 -Xcc -ivfsstatcache -Xcc /tmp/tacklebox-six-features-20260909/derived/SDKStatCaches.noindex/iphonesimulator26.5-23F81a-6cfe768891a92b912361537c460fe42b.sdkstatcache -output-file-map /tmp/tacklebox-six-features-20260909/derived/Build/Intermediates.noindex/Tacklebox.build/Release-iphonesimulator/Tacklebox.build/Objects-normal/x86_64/Tacklebox-OutputFileMap.json -use-frontend-parseable-output -save-temps -no-color-diagnostics -explicit-module-build -module-cache-path /tmp/tacklebox-six-features-20260909/derived/Build/Intermediates.noindex/SwiftExplicitPrecompiledModules -clang-scanner-module-cache-path /tmp/tacklebox-six-features-20260909/derived/ModuleCache.noindex -sdk-module-cache-path /tmp/tacklebox-six-features-20260909/derived/ModuleCache.noindex -serialize-diagnostics -emit-dependencies -emit-module -emit-module-path /tmp/tacklebox-six-features-20260909/derived/Build/Intermediates.noindex/Tacklebox.build/Release-iphonesimulator/Tacklebox.build/Objects-normal/x86_64/Tacklebox.swiftmodule -validate-clang-modules-once -clang-build-session-file /tmp/tacklebox-six-features-20260909/derived/ModuleCache.noindex/Session.modulevalidation -Xcc -I/tmp/tacklebox-six-features-20260909/derived/Build/Intermediates.noindex/Tacklebox.build/Release-iphonesimulator/Tacklebox.build/swift-overrides.hmap -emit-const-values -Xfrontend -const-gather-protocols-file -Xfrontend /tmp/tacklebox-six-features-20260909/derived/Build/Intermediates.noindex/Tacklebox.build/Release-iphonesimulator/Tacklebox.build/Objects-normal/x86_64/Tacklebox_const_extract_protocols.json -Xcc -iquote -Xcc /tmp/tacklebox-six-features-20260909/derived/Build/Intermediates.noindex/Tacklebox.build/Release-iphonesimulator/Tacklebox.build/Tacklebox-generated-files.hmap -Xcc -I/tmp/tacklebox-six-features-20260909/derived/Build/Intermediates.noindex/Tacklebox.build/Release-iphonesimulator/Tacklebox.build/Tacklebox-own-target-headers.hmap -Xcc -I/tmp/tacklebox-six-features-20260909/derived/Build/Intermediates.noindex/Tacklebox.build/Release-iphonesimulator/Tacklebox.build/Tacklebox-all-target-headers.hmap -Xcc -iquote -Xcc /tmp/tacklebox-six-features-20260909/derived/Build/Intermediates.noindex/Tacklebox.build/Release-iphonesimulator/Tacklebox.build/Tacklebox-project-headers.hmap -Xcc -I/tmp/tacklebox-six-features-20260909/derived/Build/Products/Release-iphonesimulator/include -Xcc -I/tmp/tacklebox-six-features-20260909/derived/Build/Intermediates.noindex/Tacklebox.build/Release-iphonesimulator/Tacklebox.build/DerivedSources-normal/x86_64 -Xcc -I/tmp/tacklebox-six-features-20260909/derived/Build/Intermediates.noindex/Tacklebox.build/Release-iphonesimulator/Tacklebox.build/DerivedSources/x86_64 -Xcc -I/tmp/tacklebox-six-features-20260909/derived/Build/Intermediates.noindex/Tacklebox.build/Release-iphonesimulator/Tacklebox.build/DerivedSources -emit-objc-header -emit-objc-header-path /tmp/tacklebox-six-features-20260909/derived/Build/Intermediates.noindex/Tacklebox.build/Release-iphonesimulator/Tacklebox.build/Objects-normal/x86_64/Tacklebox-Swift.h -working-directory /Volumes/working\ /recovery-2026-08-27/tacklebox-ios -no-emit-module-separately-wmo

SwiftMergeGeneratedHeaders /tmp/tacklebox-six-features-20260909/derived/Build/Intermediates.noindex/Tacklebox.build/Release-iphonesimulator/Tacklebox.build/DerivedSources/Tacklebox-Swift.h /tmp/tacklebox-six-features-20260909/derived/Build/Intermediates.noindex/Tacklebox.build/Release-iphonesimulator/Tacklebox.build/Objects-normal/arm64/Tacklebox-Swift.h /tmp/tacklebox-six-features-20260909/derived/Build/Intermediates.noindex/Tacklebox.build/Release-iphonesimulator/Tacklebox.build/Objects-normal/x86_64/Tacklebox-Swift.h (in target 'Tacklebox' from project 'Tacklebox')
    cd /Volumes/working\ /recovery-2026-08-27/tacklebox-ios
    builtin-swiftHeaderTool -arch arm64 /tmp/tacklebox-six-features-20260909/derived/Build/Intermediates.noindex/Tacklebox.build/Release-iphonesimulator/Tacklebox.build/Objects-normal/arm64/Tacklebox-Swift.h -arch x86_64 /tmp/tacklebox-six-features-20260909/derived/Build/Intermediates.noindex/Tacklebox.build/Release-iphonesimulator/Tacklebox.build/Objects-normal/x86_64/Tacklebox-Swift.h -o /tmp/tacklebox-six-features-20260909/derived/Build/Intermediates.noindex/Tacklebox.build/Release-iphonesimulator/Tacklebox.build/DerivedSources/Tacklebox-Swift.h

Copy /tmp/tacklebox-six-features-20260909/derived/Build/Products/Release-iphonesimulator/Tacklebox.swiftmodule/x86_64-apple-ios-simulator.swiftmodule /tmp/tacklebox-six-features-20260909/derived/Build/Intermediates.noindex/Tacklebox.build/Release-iphonesimulator/Tacklebox.build/Objects-normal/x86_64/Tacklebox.swiftmodule (in target 'Tacklebox' from project 'Tacklebox')
    cd /Volumes/working\ /recovery-2026-08-27/tacklebox-ios
    builtin-copy -exclude .DS_Store -exclude CVS -exclude .svn -exclude .git -exclude .hg -resolve-src-symlinks -rename /tmp/tacklebox-six-features-20260909/derived/Build/Intermediates.noindex/Tacklebox.build/Release-iphonesimulator/Tacklebox.build/Objects-normal/x86_64/Tacklebox.swiftmodule /tmp/tacklebox-six-features-20260909/derived/Build/Products/Release-iphonesimulator/Tacklebox.swiftmodule/x86_64-apple-ios-simulator.swiftmodule

Copy /tmp/tacklebox-six-features-20260909/derived/Build/Products/Release-iphonesimulator/Tacklebox.swiftmodule/x86_64-apple-ios-simulator.abi.json /tmp/tacklebox-six-features-20260909/derived/Build/Intermediates.noindex/Tacklebox.build/Release-iphonesimulator/Tacklebox.build/Objects-normal/x86_64/Tacklebox.abi.json (in target 'Tacklebox' from project 'Tacklebox')
    cd /Volumes/working\ /recovery-2026-08-27/tacklebox-ios
    builtin-copy -exclude .DS_Store -exclude CVS -exclude .svn -exclude .git -exclude .hg -resolve-src-symlinks -rename /tmp/tacklebox-six-features-20260909/derived/Build/Intermediates.noindex/Tacklebox.build/Release-iphonesimulator/Tacklebox.build/Objects-normal/x86_64/Tacklebox.abi.json /tmp/tacklebox-six-features-20260909/derived/Build/Products/Release-iphonesimulator/Tacklebox.swiftmodule/x86_64-apple-ios-simulator.abi.json

Copy /tmp/tacklebox-six-features-20260909/derived/Build/Products/Release-iphonesimulator/Tacklebox.swiftmodule/Project/x86_64-apple-ios-simulator.swiftsourceinfo /tmp/tacklebox-six-features-20260909/derived/Build/Intermediates.noindex/Tacklebox.build/Release-iphonesimulator/Tacklebox.build/Objects-normal/x86_64/Tacklebox.swiftsourceinfo (in target 'Tacklebox' from project 'Tacklebox')
    cd /Volumes/working\ /recovery-2026-08-27/tacklebox-ios
    builtin-copy -exclude .DS_Store -exclude CVS -exclude .svn -exclude .git -exclude .hg -resolve-src-symlinks -rename /tmp/tacklebox-six-features-20260909/derived/Build/Intermediates.noindex/Tacklebox.build/Release-iphonesimulator/Tacklebox.build/Objects-normal/x86_64/Tacklebox.swiftsourceinfo /tmp/tacklebox-six-features-20260909/derived/Build/Products/Release-iphonesimulator/Tacklebox.swiftmodule/Project/x86_64-apple-ios-simulator.swiftsourceinfo

Copy /tmp/tacklebox-six-features-20260909/derived/Build/Products/Release-iphonesimulator/Tacklebox.swiftmodule/x86_64-apple-ios-simulator.swiftdoc /tmp/tacklebox-six-features-20260909/derived/Build/Intermediates.noindex/Tacklebox.build/Release-iphonesimulator/Tacklebox.build/Objects-normal/x86_64/Tacklebox.swiftdoc (in target 'Tacklebox' from project 'Tacklebox')
    cd /Volumes/working\ /recovery-2026-08-27/tacklebox-ios
    builtin-copy -exclude .DS_Store -exclude CVS -exclude .svn -exclude .git -exclude .hg -resolve-src-symlinks -rename /tmp/tacklebox-six-features-20260909/derived/Build/Intermediates.noindex/Tacklebox.build/Release-iphonesimulator/Tacklebox.build/Objects-normal/x86_64/Tacklebox.swiftdoc /tmp/tacklebox-six-features-20260909/derived/Build/Products/Release-iphonesimulator/Tacklebox.swiftmodule/x86_64-apple-ios-simulator.swiftdoc

Ld /tmp/tacklebox-six-features-20260909/derived/Build/Intermediates.noindex/Tacklebox.build/Release-iphonesimulator/Tacklebox.build/Objects-normal/x86_64/Binary/Tacklebox normal x86_64 (in target 'Tacklebox' from project 'Tacklebox')
    cd /Volumes/working\ /recovery-2026-08-27/tacklebox-ios
    /Applications/Xcode.app/Contents/Developer/Toolchains/XcodeDefault.xctoolchain/usr/bin/clang -Xlinker -reproducible -target x86_64-apple-ios17.0-simulator -isysroot /Applications/Xcode.app/Contents/Developer/Platforms/iPhoneSimulator.platform/Developer/SDKs/iPhoneSimulator26.5.sdk -Os -L/tmp/tacklebox-six-features-20260909/derived/Build/Intermediates.noindex/EagerLinkingTBDs/Release-iphonesimulator -L/tmp/tacklebox-six-features-20260909/derived/Build/Products/Release-iphonesimulator -F/tmp/tacklebox-six-features-20260909/derived/Build/Intermediates.noindex/EagerLinkingTBDs/Release-iphonesimulator -F/tmp/tacklebox-six-features-20260909/derived/Build/Products/Release-iphonesimulator -filelist /tmp/tacklebox-six-features-20260909/derived/Build/Intermediates.noindex/Tacklebox.build/Release-iphonesimulator/Tacklebox.build/Objects-normal/x86_64/Tacklebox.LinkFileList -Xlinker -rpath -Xlinker /usr/lib/swift -Xlinker -rpath -Xlinker @executable_path/Frameworks -Xlinker -dead_strip -Xlinker -object_path_lto -Xlinker /tmp/tacklebox-six-features-20260909/derived/Build/Intermediates.noindex/Tacklebox.build/Release-iphonesimulator/Tacklebox.build/Objects-normal/x86_64/Tacklebox_lto.o -Xlinker -objc_abi_version -Xlinker 2 -Xlinker -dependency_info -Xlinker /tmp/tacklebox-six-features-20260909/derived/Build/Intermediates.noindex/Tacklebox.build/Release-iphonesimulator/Tacklebox.build/Objects-normal/x86_64/Tacklebox_dependency_info.dat -fobjc-link-runtime -L/Applications/Xcode.app/Contents/Developer/Toolchains/XcodeDefault.xctoolchain/usr/lib/swift/iphonesimulator -L/usr/lib/swift -Xlinker -add_ast_path -Xlinker /tmp/tacklebox-six-features-20260909/derived/Build/Intermediates.noindex/Tacklebox.build/Release-iphonesimulator/Tacklebox.build/Objects-normal/x86_64/Tacklebox.swiftmodule @/tmp/tacklebox-six-features-20260909/derived/Build/Intermediates.noindex/Tacklebox.build/Release-iphonesimulator/Tacklebox.build/Objects-normal/x86_64/Tacklebox-linker-args.resp -o /tmp/tacklebox-six-features-20260909/derived/Build/Intermediates.noindex/Tacklebox.build/Release-iphonesimulator/Tacklebox.build/Objects-normal/x86_64/Binary/Tacklebox

Ld /tmp/tacklebox-six-features-20260909/derived/Build/Intermediates.noindex/Tacklebox.build/Release-iphonesimulator/Tacklebox.build/Objects-normal/arm64/Binary/Tacklebox normal arm64 (in target 'Tacklebox' from project 'Tacklebox')
    cd /Volumes/working\ /recovery-2026-08-27/tacklebox-ios
    /Applications/Xcode.app/Contents/Developer/Toolchains/XcodeDefault.xctoolchain/usr/bin/clang -Xlinker -reproducible -target arm64-apple-ios17.0-simulator -isysroot /Applications/Xcode.app/Contents/Developer/Platforms/iPhoneSimulator.platform/Developer/SDKs/iPhoneSimulator26.5.sdk -Os -L/tmp/tacklebox-six-features-20260909/derived/Build/Intermediates.noindex/EagerLinkingTBDs/Release-iphonesimulator -L/tmp/tacklebox-six-features-20260909/derived/Build/Products/Release-iphonesimulator -F/tmp/tacklebox-six-features-20260909/derived/Build/Intermediates.noindex/EagerLinkingTBDs/Release-iphonesimulator -F/tmp/tacklebox-six-features-20260909/derived/Build/Products/Release-iphonesimulator -filelist /tmp/tacklebox-six-features-20260909/derived/Build/Intermediates.noindex/Tacklebox.build/Release-iphonesimulator/Tacklebox.build/Objects-normal/arm64/Tacklebox.LinkFileList -Xlinker -rpath -Xlinker /usr/lib/swift -Xlinker -rpath -Xlinker @executable_path/Frameworks -Xlinker -dead_strip -Xlinker -object_path_lto -Xlinker /tmp/tacklebox-six-features-20260909/derived/Build/Intermediates.noindex/Tacklebox.build/Release-iphonesimulator/Tacklebox.build/Objects-normal/arm64/Tacklebox_lto.o -Xlinker -objc_abi_version -Xlinker 2 -Xlinker -dependency_info -Xlinker /tmp/tacklebox-six-features-20260909/derived/Build/Intermediates.noindex/Tacklebox.build/Release-iphonesimulator/Tacklebox.build/Objects-normal/arm64/Tacklebox_dependency_info.dat -fobjc-link-runtime -L/Applications/Xcode.app/Contents/Developer/Toolchains/XcodeDefault.xctoolchain/usr/lib/swift/iphonesimulator -L/usr/lib/swift -Xlinker -add_ast_path -Xlinker /tmp/tacklebox-six-features-20260909/derived/Build/Intermediates.noindex/Tacklebox.build/Release-iphonesimulator/Tacklebox.build/Objects-normal/arm64/Tacklebox.swiftmodule @/tmp/tacklebox-six-features-20260909/derived/Build/Intermediates.noindex/Tacklebox.build/Release-iphonesimulator/Tacklebox.build/Objects-normal/arm64/Tacklebox-linker-args.resp -o /tmp/tacklebox-six-features-20260909/derived/Build/Intermediates.noindex/Tacklebox.build/Release-iphonesimulator/Tacklebox.build/Objects-normal/arm64/Binary/Tacklebox

CreateUniversalBinary /tmp/tacklebox-six-features-20260909/derived/Build/Products/Release-iphonesimulator/Tacklebox.app/Tacklebox normal arm64\ x86_64 (in target 'Tacklebox' from project 'Tacklebox')
    cd /Volumes/working\ /recovery-2026-08-27/tacklebox-ios
    /Applications/Xcode.app/Contents/Developer/Toolchains/XcodeDefault.xctoolchain/usr/bin/lipo -create /tmp/tacklebox-six-features-20260909/derived/Build/Intermediates.noindex/Tacklebox.build/Release-iphonesimulator/Tacklebox.build/Objects-normal/arm64/Binary/Tacklebox /tmp/tacklebox-six-features-20260909/derived/Build/Intermediates.noindex/Tacklebox.build/Release-iphonesimulator/Tacklebox.build/Objects-normal/x86_64/Binary/Tacklebox -output /tmp/tacklebox-six-features-20260909/derived/Build/Products/Release-iphonesimulator/Tacklebox.app/Tacklebox

Copy /tmp/tacklebox-six-features-20260909/derived/Build/Products/Release-iphonesimulator/Tacklebox.app/PlugIns/TackleboxWidget.appex /tmp/tacklebox-six-features-20260909/derived/Build/Products/Release-iphonesimulator/TackleboxWidget.appex (in target 'Tacklebox' from project 'Tacklebox')
    cd /Volumes/working\ /recovery-2026-08-27/tacklebox-ios
    builtin-copy -exclude .DS_Store -exclude CVS -exclude .svn -exclude .git -exclude .hg -exclude Headers -exclude PrivateHeaders -exclude Modules -exclude \*.tbd -resolve-src-symlinks -remove-static-executable /tmp/tacklebox-six-features-20260909/derived/Build/Products/Release-iphonesimulator/TackleboxWidget.appex /tmp/tacklebox-six-features-20260909/derived/Build/Products/Release-iphonesimulator/Tacklebox.app/PlugIns

ProcessInfoPlistFile /tmp/tacklebox-six-features-20260909/derived/Build/Products/Release-iphonesimulator/Tacklebox.app/Info.plist /Volumes/working\ /recovery-2026-08-27/tacklebox-ios/Tacklebox/Info.plist (in target 'Tacklebox' from project 'Tacklebox')
    cd /Volumes/working\ /recovery-2026-08-27/tacklebox-ios
    builtin-infoPlistUtility /Volumes/working\ /recovery-2026-08-27/tacklebox-ios/Tacklebox/Info.plist -producttype com.apple.product-type.application -genpkginfo /tmp/tacklebox-six-features-20260909/derived/Build/Products/Release-iphonesimulator/Tacklebox.app/PkgInfo -expandbuildsettings -format binary -platform iphonesimulator -additionalcontentfile /tmp/tacklebox-six-features-20260909/derived/Build/Intermediates.noindex/Tacklebox.build/Release-iphonesimulator/Tacklebox.build/assetcatalog_generated_info.plist -scanforprivacyfile /tmp/tacklebox-six-features-20260909/derived/Build/Products/Release-iphonesimulator/Tacklebox.app/PlugIns/TackleboxWidget.appex -o /tmp/tacklebox-six-features-20260909/derived/Build/Products/Release-iphonesimulator/Tacklebox.app/Info.plist

CopySwiftLibs /tmp/tacklebox-six-features-20260909/derived/Build/Products/Release-iphonesimulator/Tacklebox.app (in target 'Tacklebox' from project 'Tacklebox')
    cd /Volumes/working\ /recovery-2026-08-27/tacklebox-ios
    builtin-swiftStdLibTool --copy --verbose --scan-executable /tmp/tacklebox-six-features-20260909/derived/Build/Products/Release-iphonesimulator/Tacklebox.app/Tacklebox --scan-folder /tmp/tacklebox-six-features-20260909/derived/Build/Products/Release-iphonesimulator/Tacklebox.app/Frameworks --scan-folder /tmp/tacklebox-six-features-20260909/derived/Build/Products/Release-iphonesimulator/Tacklebox.app/PlugIns --scan-folder /tmp/tacklebox-six-features-20260909/derived/Build/Products/Release-iphonesimulator/Tacklebox.app/SystemExtensions --scan-folder /tmp/tacklebox-six-features-20260909/derived/Build/Products/Release-iphonesimulator/Tacklebox.app/Extensions --platform iphonesimulator --toolchain /Applications/Xcode.app/Contents/Developer/Toolchains/XcodeDefault.xctoolchain --destination /tmp/tacklebox-six-features-20260909/derived/Build/Products/Release-iphonesimulator/Tacklebox.app/Frameworks --strip-bitcode --strip-bitcode-tool /Applications/Xcode.app/Contents/Developer/Toolchains/XcodeDefault.xctoolchain/usr/bin/bitcode_strip --emit-dependency-info /tmp/tacklebox-six-features-20260909/derived/Build/Intermediates.noindex/Tacklebox.build/Release-iphonesimulator/Tacklebox.build/SwiftStdLibToolInputDependencies.dep --filter-for-swift-os --back-deploy-swift-span
Ignoring --strip-bitcode because --sign was not passed

ExtractAppIntentsMetadata (in target 'Tacklebox' from project 'Tacklebox')
    cd /Volumes/working\ /recovery-2026-08-27/tacklebox-ios
    /Applications/Xcode.app/Contents/Developer/Toolchains/XcodeDefault.xctoolchain/usr/bin/appintentsmetadataprocessor --toolchain-dir /Applications/Xcode.app/Contents/Developer/Toolchains/XcodeDefault.xctoolchain --module-name Tacklebox --sdk-root /Applications/Xcode.app/Contents/Developer/Platforms/iPhoneSimulator.platform/Developer/SDKs/iPhoneSimulator26.5.sdk --xcode-version 17F113 --platform-family iOS --deployment-target 17.0 --bundle-identifier com.tacklebox.ios --output /tmp/tacklebox-six-features-20260909/derived/Build/Products/Release-iphonesimulator/Tacklebox.app --target-triple arm64-apple-ios17.0-simulator --target-triple x86_64-apple-ios17.0-simulator --binary-file /tmp/tacklebox-six-features-20260909/derived/Build/Products/Release-iphonesimulator/Tacklebox.app/Tacklebox --dependency-file /tmp/tacklebox-six-features-20260909/derived/Build/Intermediates.noindex/Tacklebox.build/Release-iphonesimulator/Tacklebox.build/Objects-normal/arm64/Tacklebox_dependency_info.dat --dependency-file /tmp/tacklebox-six-features-20260909/derived/Build/Intermediates.noindex/Tacklebox.build/Release-iphonesimulator/Tacklebox.build/Objects-normal/x86_64/Tacklebox_dependency_info.dat --stringsdata-file /tmp/tacklebox-six-features-20260909/derived/Build/Intermediates.noindex/Tacklebox.build/Release-iphonesimulator/Tacklebox.build/Objects-normal/arm64/ExtractedAppShortcutsMetadata.stringsdata --stringsdata-file /tmp/tacklebox-six-features-20260909/derived/Build/Intermediates.noindex/Tacklebox.build/Release-iphonesimulator/Tacklebox.build/Objects-normal/x86_64/ExtractedAppShortcutsMetadata.stringsdata --source-file-list /tmp/tacklebox-six-features-20260909/derived/Build/Intermediates.noindex/Tacklebox.build/Release-iphonesimulator/Tacklebox.build/Objects-normal/arm64/Tacklebox.SwiftFileList --source-file-list /tmp/tacklebox-six-features-20260909/derived/Build/Intermediates.noindex/Tacklebox.build/Release-iphonesimulator/Tacklebox.build/Objects-normal/x86_64/Tacklebox.SwiftFileList --metadata-file-list /tmp/tacklebox-six-features-20260909/derived/Build/Intermediates.noindex/Tacklebox.build/Release-iphonesimulator/Tacklebox.build/Tacklebox.DependencyMetadataFileList --static-metadata-file-list /tmp/tacklebox-six-features-20260909/derived/Build/Intermediates.noindex/Tacklebox.build/Release-iphonesimulator/Tacklebox.build/Tacklebox.DependencyStaticMetadataFileList --swift-const-vals-list /tmp/tacklebox-six-features-20260909/derived/Build/Intermediates.noindex/Tacklebox.build/Release-iphonesimulator/Tacklebox.build/Objects-normal/arm64/Tacklebox.SwiftConstValuesFileList --swift-const-vals-list /tmp/tacklebox-six-features-20260909/derived/Build/Intermediates.noindex/Tacklebox.build/Release-iphonesimulator/Tacklebox.build/Objects-normal/x86_64/Tacklebox.SwiftConstValuesFileList --compile-time-extraction --deployment-aware-processing --validate-assistant-intents --no-app-shortcuts-localization
2026-09-09 12:45:27.620 appintentsmetadataprocessor[88762:81205289] Starting appintentsmetadataprocessor export
2026-09-09 12:45:27.625 appintentsmetadataprocessor[88762:81205289] warning: Metadata extraction skipped. No AppIntents.framework dependency found.

ValidateEmbeddedBinary /tmp/tacklebox-six-features-20260909/derived/Build/Products/Release-iphonesimulator/Tacklebox.app/PlugIns/TackleboxWidget.appex (in target 'Tacklebox' from project 'Tacklebox')
    cd /Volumes/working\ /recovery-2026-08-27/tacklebox-ios
    /Applications/Xcode.app/Contents/Developer/usr/bin/embeddedBinaryValidationUtility /tmp/tacklebox-six-features-20260909/derived/Build/Products/Release-iphonesimulator/Tacklebox.app/PlugIns/TackleboxWidget.appex -info-plist-path /tmp/tacklebox-six-features-20260909/derived/Build/Products/Release-iphonesimulator/Tacklebox.app/Info.plist

GenerateDSYMFile /tmp/tacklebox-six-features-20260909/derived/Build/Products/Release-iphonesimulator/Tacklebox.app.dSYM /tmp/tacklebox-six-features-20260909/derived/Build/Products/Release-iphonesimulator/Tacklebox.app/Tacklebox (in target 'Tacklebox' from project 'Tacklebox')
    cd /Volumes/working\ /recovery-2026-08-27/tacklebox-ios
    /Applications/Xcode.app/Contents/Developer/Toolchains/XcodeDefault.xctoolchain/usr/bin/dsymutil /tmp/tacklebox-six-features-20260909/derived/Build/Products/Release-iphonesimulator/Tacklebox.app/Tacklebox -o /tmp/tacklebox-six-features-20260909/derived/Build/Products/Release-iphonesimulator/Tacklebox.app.dSYM

AppIntentsSSUTraining (in target 'Tacklebox' from project 'Tacklebox')
    cd /Volumes/working\ /recovery-2026-08-27/tacklebox-ios
    /Applications/Xcode.app/Contents/Developer/Toolchains/XcodeDefault.xctoolchain/usr/bin/appintentsnltrainingprocessor --infoplist-path /tmp/tacklebox-six-features-20260909/derived/Build/Products/Release-iphonesimulator/Tacklebox.app/Info.plist --temp-dir-path /tmp/tacklebox-six-features-20260909/derived/Build/Intermediates.noindex/Tacklebox.build/Release-iphonesimulator/Tacklebox.build/ssu --bundle-id com.tacklebox.ios --product-path /tmp/tacklebox-six-features-20260909/derived/Build/Products/Release-iphonesimulator/Tacklebox.app --extracted-metadata-path /tmp/tacklebox-six-features-20260909/derived/Build/Products/Release-iphonesimulator/Tacklebox.app/Metadata.appintents --metadata-file-list /tmp/tacklebox-six-features-20260909/derived/Build/Intermediates.noindex/Tacklebox.build/Release-iphonesimulator/Tacklebox.build/Tacklebox.DependencyMetadataFileList --source-file /tmp/tacklebox-six-features-20260909/derived/Build/Products/Release-iphonesimulator/Tacklebox.app/Info.plist --archive-ssu-assets
2026-09-09 12:45:27.659 appintentsnltrainingprocessor[88765:81205298] Parsing options for appintentsnltrainingprocessor
2026-09-09 12:45:27.661 appintentsnltrainingprocessor[88765:81205298] Starting AppIntents SSU YAML Generation
2026-09-09 12:45:27.661 appintentsnltrainingprocessor[88765:81205298] No AppShortcuts found - Skipping.

RegisterExecutionPolicyException /tmp/tacklebox-six-features-20260909/derived/Build/Products/Release-iphonesimulator/Tacklebox.app (in target 'Tacklebox' from project 'Tacklebox')
    cd /Volumes/working\ /recovery-2026-08-27/tacklebox-ios
    builtin-RegisterExecutionPolicyException /tmp/tacklebox-six-features-20260909/derived/Build/Products/Release-iphonesimulator/Tacklebox.app

Validate /tmp/tacklebox-six-features-20260909/derived/Build/Products/Release-iphonesimulator/Tacklebox.app (in target 'Tacklebox' from project 'Tacklebox')
    cd /Volumes/working\ /recovery-2026-08-27/tacklebox-ios
    builtin-validationUtility /tmp/tacklebox-six-features-20260909/derived/Build/Products/Release-iphonesimulator/Tacklebox.app -shallow-bundle -infoplist-subpath Info.plist

Touch /tmp/tacklebox-six-features-20260909/derived/Build/Products/Release-iphonesimulator/Tacklebox.app (in target 'Tacklebox' from project 'Tacklebox')
    cd /Volumes/working\ /recovery-2026-08-27/tacklebox-ios
    /usr/bin/touch -c /tmp/tacklebox-six-features-20260909/derived/Build/Products/Release-iphonesimulator/Tacklebox.app

** BUILD SUCCEEDED **

